baseScore0,inoScore0_float,inoScore0_double,baseScore1,inoScore1_float,inoScore1_double,label,inoLabel_float,inoLabel_double
9.143352508544922e-05,9.13739204406e-05,0.0000913963904185521869294461794197559356689453125000,0.9999085664749146,0.9999086260795592,0.9999086036095814,1,1,1
3.0517578125e-05,3.0517578125e-05,0.0000305021073708777734623254218604415655136108398437,0.999969482421875,0.999969482421875,0.9999694978926292,1,1,1
0.0451329946517944,0.0451329946517944,0.0451329632144413750438616261817514896392822265625000,0.9548670053482056,0.9548670053482056,0.9548670367855584,1,1,1
0.0013836622238159,0.0013836026191711,0.0013835964180334281437012577953282743692398071289062,0.998616337776184,0.9986163973808287,0.9986164035819663,1,1,1
0.003423273563385,0.0034232139587402,0.0034232008943205771700490913644898682832717895507812,0.996576726436615,0.9965767860412597,0.9965767991056792,1,1,1
0.0018075108528137,0.0018075108528137,0.0018075301776091512451216658519115298986434936523437,0.9981924891471864,0.9981924891471862,0.9981924698223908,1,1,1
0.000424325466156,0.000424325466156,0.0004243521240542280636987015896011143922805786132812,0.999575674533844,0.999575674533844,0.9995756478759455,1,1,1
0.0035404562950134,0.0035404562950134,0.0035404708399828788145669022924266755580902099609375,0.9964595437049866,0.9964595437049864,0.996459529160017,1,1,1
0.018934428691864,0.025165319442749,0.0189344200900577455115580960409715771675109863281250,0.981065571308136,0.9748346805572508,0.981065579909942,1,1,1
0.0017014145851135,0.0017013549804687,0.0017013789688661296040095294301863759756088256835937,0.9982985854148864,0.9982986450195312,0.9982986210311338,1,1,1
0.0613319277763366,0.0613319873809814,0.0613320564899072451225947588682174682617187500000000,0.9386680722236632,0.9386680126190184,0.9386679435100926,1,1,1
7.605552673339844e-05,7.59959220886e-05,0.0000760120953888776540452454355545341968536376953125,0.9999239444732666,0.9999240040779112,0.9999239879046112,1,1,1
1.2516975402832031e-05,1.25169754028e-05,0.0000125421037442396965388979879207909107208251953125,0.9999874830245972,0.9999874830245972,0.9999874578962558,1,1,1
0.0018646717071533,0.0018646717071533,0.0018646852792763013439980568364262580871582031250000,0.9981353282928468,0.9981353282928466,0.9981353147207236,1,1,1
0.003683865070343,0.0036839246749877,0.0036839263033751068476817636110354214906692504882812,0.996316134929657,0.9963160753250122,0.9963160736966248,1,1,1
0.0085598230361938,0.0085598230361938,0.0085597797891158187155724590411409735679626464843750,0.9914401769638062,0.991440176963806,0.9914402202108842,1,1,1
2.4199485778808597e-05,2.41994857788e-05,0.0000241714784375846036823531903792172670364379882812,0.9999758005142212,0.9999758005142212,0.9999758285215624,1,1,1
0.0001952052116394,0.0001952052116394,0.0001952008437594576761853204516228288412094116210937,0.9998047947883606,0.9998047947883604,0.9998047991562404,1,1,1
5.674362182617188e-05,5.67436218261e-05,0.0000567653278928936799729854101315140724182128906250,0.9999432563781738,0.9999432563781738,0.9999432346721072,1,1,1
0.0002774596214294,0.0002774596214294,0.0002774540854356688512893924780655652284622192382812,0.9997225403785706,0.9997225403785704,0.9997225459145642,1,1,1
0.0003274679183959,0.0003274679183959,0.0003274933247953137893659913970623165369033813476562,0.999672532081604,0.999672532081604,0.9996725066752048,1,1,1
0.0621627569198608,0.0621627569198608,0.0621627303453917701148156993440352380275726318359375,0.9378372430801392,0.9378372430801392,0.937837269654608,1,1,1
0.0009074211120605,0.0008569359779357,0.0009074227010027469120245768863242119550704956054687,0.9990925788879396,0.9991430640220642,0.9990925772989973,1,1,1
0.0016716122627258,0.001671552658081,0.0016715684080774728670348849846050143241882324218750,0.9983283877372742,0.9983284473419188,0.9983284315919224,1,1,1
0.0021301507949829,0.0021301507949829,0.0021301659276029560885490354849025607109069824218750,0.9978698492050172,0.997869849205017,0.9978698340723968,1,1,1
0.0002856850624084,0.0002856850624084,0.0002856851285235606496826221700757741928100585937500,0.9997143149375916,0.9997143149375916,0.9997143148714764,1,1,1
2.1219253540039062e-05,2.121925354e-05,0.0000212361413605144377925171284005045890808105468750,0.99997878074646,0.99997878074646,0.9999787638586392,1,1,1
3.063678741455078e-05,3.06367874145e-05,0.0000306559065078593206976620422210544347763061523437,0.9999693632125854,0.9999693632125854,0.999969344093492,1,1,1
0.0003021955490112,0.0003021955490112,0.0003021663337481328426292748190462589263916015625000,0.9996978044509888,0.9996978044509888,0.9996978336662518,1,1,1
7.092952728271484e-05,7.09295272827e-05,0.0000709443098133588634368607017677277326583862304687,0.9999290704727172,0.9999290704727172,0.9999290556901868,1,1,1
0.08550626039505,0.08550626039505,0.0855060967309418984427793475333601236343383789062500,0.91449373960495,0.91449373960495,0.914493903269058,1,1,1
0.0003880858421325,0.0003880262374877,0.0003880544744164771131522684299852699041366577148437,0.9996119141578674,0.9996119737625122,0.9996119455255836,1,1,1
0.0032340288162231,0.0032339692115783,0.0032339769971158061068194911058526486158370971679687,0.9967659711837769,0.9967660307884216,0.9967660230028842,1,1,1
4.172325134277344e-05,4.17232513427e-05,0.0000417073114699073599354051111731678247451782226562,0.9999582767486572,0.9999582767486572,0.99995829268853,1,1,1
0.0023040175437927,0.0023039579391479,0.0023039441794527881768317456590011715888977050781250,0.9976959824562072,0.997696042060852,0.9976960558205472,1,1,1
4.470348358154297e-05,4.47034835815e-05,0.0000447222148250991935469755844678729772567749023437,0.9999552965164183,0.9999552965164183,0.9999552777851748,1,1,1
0.0001243352890014,0.0001243352890014,0.0001243449223816694981792352336924523115158081054687,0.9998756647109984,0.9998756647109984,0.9998756550776184,1,1,1
0.0050076842308044,0.0050076842308044,0.0050076656128364982478728961723390966653823852539062,0.9949923157691956,0.9949923157691956,0.9949923343871636,1,1,1
0.0369633436203002,0.036963403224945,0.0369633876490270685266636974120046943426132202148437,0.9630366563796996,0.9630365967750548,0.9630366123509728,1,1,1
0.0048972368240356,0.0048972368240356,0.0048972556525040955577310342050623148679733276367187,0.9951027631759644,0.9951027631759644,0.995102744347496,1,1,1
0.0094989538192749,0.0094989538192749,0.0094989702569944221011155605083331465721130371093750,0.9905010461807252,0.990501046180725,0.9905010297430056,1,1,1
3.1113624572753906e-05,3.11136245727e-05,0.0000310933845508731820928005618043243885040283203125,0.9999688863754272,0.9999688863754272,0.9999689066154492,1,1,1
0.0054952502250671,0.0054951906204223,0.0054952109460979503552380265318788588047027587890625,0.9945047497749328,0.9945048093795776,0.994504789053902,1,1,1
5.662441253662109e-05,5.66244125366e-05,0.0000566046433136957460874327807687222957611083984375,0.9999433755874634,0.9999433755874632,0.9999433953566862,1,1,1
6.389617919921875e-05,6.38961791992e-05,0.0000639185736295289075314940419048070907592773437500,0.9999361038208008,0.9999361038208008,0.9999360814263704,1,1,1
4.041194915771485e-05,4.04119491577e-05,0.0000403946853286818452488660113885998725891113281250,0.9999595880508424,0.9999595880508422,0.9999596053146714,1,1,1
0.0012061595916748,0.0012061595916748,0.0012061813076272853706427667930256575345993041992187,0.9987938404083252,0.9987938404083252,0.9987938186923728,1,1,1
0.0132262706756591,0.0132263302803039,0.0132262944599382814558907739410642534494400024414062,0.9867737293243408,0.986773669719696,0.9867737055400616,1,1,1
2.47955322265625e-05,2.47359275817e-05,0.0000247633591571316813428893510717898607254028320312,0.9999752044677734,0.9999752640724182,0.9999752366408428,1,1,1
2.2411346435546875e-05,2.23517417907e-05,0.0000223611909657694951647499692626297473907470703125,0.9999775886535645,0.9999776482582092,0.9999776388090342,1,1,1
0.0235546231269836,0.0235546827316284,0.0235546186556621073293626977829262614250183105468750,0.9764453768730164,0.9764453172683716,0.9764453813443378,1,1,1
7.867813110351562e-06,7.8082084655e-06,0.0000078259354933107871943320787977427244186401367187,0.9999921321868896,0.9999921917915344,0.9999921740645068,1,1,1
6.103515625e-05,6.103515625e-05,0.0000610278246245821165416600706521421670913696289062,0.99993896484375,0.99993896484375,0.9999389721753754,1,1,1
3.719329833984375e-05,3.71932983398e-05,0.0000371927349398504247801611199975013732910156250000,0.9999628067016602,0.99996280670166,0.99996280726506,1,1,1
0.005582571029663,0.0055826306343078,0.0055826013652946482324068711022846400737762451171875,0.9944174289703368,0.994417369365692,0.9944173986347052,1,1,1
0.0041651725769042,0.0041651725769042,0.0041651755498858245019278001564089208841323852539062,0.9958348274230956,0.9958348274230956,0.995834824450114,1,1,1
6.330013275146484e-05,6.33597373962e-05,0.0000633359900835683831132882914971560239791870117187,0.9999366998672484,0.9999366402626036,0.9999366640099164,1,1,1
0.0038697719573974,0.0038697719573974,0.0038698010004226679470207272970583289861679077148437,0.9961302280426024,0.9961302280426024,0.9961301989995772,1,1,1
0.0013975501060485,0.0013976097106933,0.0013976052192358201509136961249168962240219116210937,0.9986024498939514,0.9986023902893066,0.998602394780764,1,1,1
0.0151644349098205,0.0151644349098205,0.0151644076492843948855693270161282271146774291992187,0.9848355650901794,0.9848355650901794,0.9848355923507156,1,1,1
0.0013381242752075,0.0013381242752075,0.0013381169411352811238202775712125003337860107421875,0.9986618757247924,0.9986618757247924,0.9986618830588646,1,1,1
6.496906280517578e-05,6.49690628051e-05,0.0000649460411883406862898482359014451503753662109375,0.9999350309371948,0.9999350309371948,0.9999350539588115,1,1,1
0.0007605552673339,0.0007606148719787,0.0007605985666840897607698934734798967838287353515625,0.999239444732666,0.9992393851280212,0.999239401433316,1,1,1
0.0063841342926025,0.0063841342926025,0.0063841450607554639518070871417876332998275756835937,0.9936158657073976,0.9936158657073973,0.9936158549392444,1,1,1
0.0019216537475585,0.0019217133522033,0.0019216955997666262945244852744508534669876098632812,0.9980783462524414,0.9980782866477966,0.9980783044002332,1,1,1
0.0007116198539733,0.0007116794586181,0.0007116658943616682719834898307453840970993041992187,0.9992883801460266,0.9992883205413818,0.9992883341056384,1,1,1
3.7550926208496094e-05,3.75509262084e-05,0.0000375430446359903413622305379249155521392822265625,0.9999624490737916,0.9999624490737916,0.999962456955364,1,1,1
0.0006473660469055,0.0006473660469055,0.0006473733983798357627392761060036718845367431640625,0.9993526339530944,0.9993526339530944,0.9993526266016202,1,1,1
0.0089061856269836,0.0089061856269836,0.0089062110163311558608256746083498001098632812500000,0.9910938143730164,0.9910938143730164,0.9910937889836688,1,1,1
0.0001710653305053,0.0001710057258605,0.0001710306634378211398939129139762371778488159179687,0.9998289346694946,0.9998289942741394,0.9998289693365622,1,1,1
0.1744188666343689,0.1744188070297241,0.1744188722363914045843102940125390887260437011718750,0.8255811333656311,0.8255811929702758,0.8255811277636086,1,1,1
0.0022467970848083,0.0022468566894531,0.0022468295579530783712129959894809871912002563476562,0.9977532029151917,0.9977531433105468,0.9977531704420468,1,1,1
0.0029953122138977,0.0029952526092529,0.0029952683912370936525348952272906899452209472656250,0.9970046877861024,0.997004747390747,0.9970047316087628,1,1,1
0.0004058480262756,0.0004058480262756,0.0004058526414093543976946421025786548852920532226562,0.9995941519737244,0.9995941519737244,0.9995941473585906,1,1,1
9.02414321899414e-05,9.01818275451e-05,0.0000902030411807919207944905792828649282455444335937,0.99990975856781,0.9999098181724548,0.9999097969588192,1,1,1
0.0031405687332153,0.0031405687332153,0.0031405460470437240871888207038864493370056152343750,0.9968594312667848,0.9968594312667846,0.996859453952956,1,1,1
2.3365020751953125e-05,2.33054161071e-05,0.0000233116241546982294607914809603244066238403320312,0.999976634979248,0.9999766945838928,0.9999766883758452,1,1,1
0.0013168454170227,0.0013168454170227,0.0013168695137572017372917798638809472322463989257812,0.9986831545829772,0.9986831545829772,0.9986831304862428,1,1,1
0.0001094341278076,0.0001093745231628,0.0001094004094267519988648018625099211931228637695312,0.9998905658721924,0.9998906254768372,0.9998905995905732,1,1,1
0.0011824965476989,0.0011824965476989,0.0011824895265831747437346166407223790884017944335937,0.998817503452301,0.998817503452301,0.9988175104734168,1,1,1
0.0021818876266479,0.0021818876266479,0.0021819019672947304044896554842125624418258666992187,0.997818112373352,0.997818112373352,0.9978180980327052,1,1,1
0.202368676662445,0.202368676662445,0.2023686248899957185187759023392572999000549316406250,0.7976313233375549,0.7976313233375549,0.7976313751100041,1,1,1
1.9073486328125e-05,1.91330909729e-05,0.0000191259085424722030666089267469942569732666015625,0.999980926513672,0.999980866909027,0.9999808740914576,1,1,1
0.0666674971580505,0.0666674375534057,0.0666674404513131158012129162671044468879699707031250,0.9333325028419496,0.9333325624465942,0.9333325595486868,1,1,1
5.507469177246094e-05,5.50746917724e-05,0.0000550719598870763604736566776409745216369628906250,0.9999449253082277,0.9999449253082277,0.999944928040113,1,1,1
3.314018249511719e-05,3.31401824951e-05,0.0000331368861532510550205188337713479995727539062500,0.9999668598175048,0.9999668598175048,0.9999668631138467,1,1,1
0.1108343005180358,0.1108342409133911,0.1108342296042422736590538079326506704092025756835937,0.8891656994819641,0.8891657590866088,0.8891657703957577,1,1,1
0.0001630783081054,0.0001630783081054,0.0001630824854457202377489011269062757492065429687500,0.9998369216918944,0.9998369216918944,0.9998369175145542,1,1,1
0.0001134872436523,0.0001134872436523,0.0001134719364520586637468113622162491083145141601562,0.9998865127563475,0.9998865127563475,0.999886528063548,1,1,1
0.0381898283958435,0.0381898283958435,0.0381898395065752858101859601447358727455139160156250,0.9618101716041564,0.9618101716041564,0.9618101604934248,1,1,1
7.76052474975586e-05,7.75456428527e-05,0.0000775613581426304321553288900759071111679077148437,0.9999223947525024,0.9999224543571472,0.9999224386418571,1,1,1
0.0010315179824829,0.0010314583778381,0.0010314716773323073795154414256103336811065673828125,0.9989684820175172,0.9989685416221618,0.9989685283226676,1,1,1
1.5854835510253906e-05,1.5914440155e-05,0.0000159075039727341049911046866327524185180664062500,0.9999841451644896,0.9999840855598447,0.9999840924960272,1,1,1
0.0003669261932373,0.0003668665885925,0.0003668915137834405371108914550859481096267700195312,0.9996330738067628,0.9996331334114074,0.9996331084862164,1,1,1
0.0010229349136352,0.00102299451828,0.0010229942088282317769198925816453993320465087890625,0.9989770650863647,0.99897700548172,0.9989770057911718,1,1,1
0.0005369782447814,0.0005370378494262,0.0005370386490827216974253133230376988649368286132812,0.9994630217552184,0.9994629621505736,0.9994629613509172,1,1,1
0.0001779198646545,0.0001779794692993,0.0001779868682433294324596317892428487539291381835937,0.9998220801353456,0.9998220205307006,0.9998220131317566,1,1,1
0.0005786418914794,0.0005786418914794,0.0005786194664665345044340938329696655273437500000000,0.9994213581085204,0.9994213581085204,0.9994213805335334,1,1,1
0.0375817418098449,0.0375816822052001,0.0375817262359797732429456118552479892969131469726562,0.962418258190155,0.9624183177947998,0.9624182737640202,1,1,1
0.0001009702682495,0.0001010298728942,0.0001010193825955463253762900421861559152603149414062,0.9998990297317504,0.9998989701271056,0.9998989806174045,1,1,1
6.80685043334961e-05,6.80685043334e-05,0.0000680808723045878139146225294098258018493652343750,0.9999319314956664,0.9999319314956664,0.9999319191276952,1,1,1
0.0001237392425537,0.0001236796379089,0.0001236708602742053741962990898173302412033081054687,0.9998762607574464,0.999876320362091,0.9998763291397258,1,1,1
0.0294923782348632,0.0294923782348632,0.0294923440491738908519891992909833788871765136718750,0.9705076217651368,0.9705076217651368,0.970507655950826,1,1,1
0.0040547251701354,0.0040547251701354,0.0040547414185253538576603205001447349786758422851562,0.9959452748298644,0.9959452748298644,0.9959452585814746,1,1,1
0.0003602504730224,0.0003601908683776,0.0003601840523819177519726508762687444686889648437500,0.9996397495269777,0.9996398091316224,0.999639815947618,1,1,1
0.0098050236701965,0.0098050832748413,0.0098050607900386221871258385363034904003143310546875,0.9901949763298036,0.9901949167251586,0.9901949392099612,1,1,1
0.0141934752464294,0.0141934752464294,0.0141934968918919768299247152754105627536773681640625,0.9858065247535706,0.9858065247535704,0.985806503108108,1,1,1
0.0031570196151733,0.0031570792198181,0.0031570512055263399986415606690570712089538574218750,0.9968429803848268,0.9968429207801818,0.9968429487944735,1,1,1
0.0012101531028747,0.0012102127075195,0.0012101953322222191999912865867372602224349975585937,0.9987898468971252,0.9987897872924804,0.9987898046677776,1,1,1
1.2993812561035156e-05,1.29342079162e-05,0.0000129605441328006776302572689019143581390380859375,0.999987006187439,0.9999870657920836,0.9999870394558672,1,1,1
0.0001195669174194,0.0001195669174194,0.0001195920479014622728186623135115951299667358398437,0.9998804330825806,0.9998804330825805,0.9998804079520984,1,1,1
0.0004646778106689,0.0004646778106689,0.0004646922786124552118280917056836187839508056640625,0.999535322189331,0.999535322189331,0.9995353077213875,1,1,1
0.0071604251861572,0.0071604251861572,0.0071604130678428745682140288408845663070678710937500,0.9928395748138428,0.9928395748138428,0.9928395869321572,1,1,1
0.001504898071289,0.001504898071289,0.0015049069968701145327827362052630633115768432617187,0.9984951019287108,0.9984951019287108,0.99849509300313,1,1,1
4.279613494873047e-05,4.27961349487e-05,0.0000428051375014337764923766371794044971466064453125,0.9999572038650512,0.9999572038650512,0.9999571948624986,1,1,1
0.0004487633705139,0.0004487037658691,0.0004487190223346759765377100848127156496047973632812,0.999551236629486,0.9995512962341307,0.9995512809776652,1,1,1
0.0040515065193176,0.0040515065193176,0.0040515316706374315813832254207227379083633422851562,0.9959484934806824,0.9959484934806824,0.9959484683293623,1,1,1
0.0004887580871582,0.0004886984825134,0.0004887247180275222646628208167385309934616088867187,0.9995112419128418,0.9995113015174864,0.9995112752819724,1,1,1
1.7762184143066406e-05,1.77025794982e-05,0.0000177107643507534717741691565606743097305297851562,0.9999822378158568,0.9999822974205016,0.9999822892356492,1,1,1
6.341934204101562e-05,6.33597373962e-05,0.0000633862120529293804338522022590041160583496093750,0.999936580657959,0.9999366402626036,0.9999366137879468,1,1,1
0.0102573037147521,0.0102573037147521,0.0102573102144952743586259202857036143541336059570312,0.9897426962852478,0.9897426962852478,0.9897426897855046,1,1,1
0.0003212690353393,0.0003213286399841,0.0003213437987253930927522560523357242345809936523437,0.9996787309646606,0.9996786713600158,0.9996786562012744,1,1,1
0.0051391720771789,0.0051391124725341,0.0051391307922096229887642948597203940153121948242187,0.994860827922821,0.9948608875274658,0.9948608692077904,1,1,1
6.258487701416016e-05,6.25848770141e-05,0.0000625749007860942896286360337398946285247802734375,0.9999374151229858,0.9999374151229858,0.9999374250992138,1,1,1
0.2064969539642334,0.2064968943595886,0.2064969116586192754425610473845154047012329101562500,0.7935030460357666,0.7935031056404113,0.7935030883413807,1,1,1
0.0002327561378479,0.0002327561378479,0.0002327275961130359505091291794087737798690795898437,0.999767243862152,0.999767243862152,0.9997672724038869,1,1,1
0.0042715668678283,0.0042715668678283,0.0042715511908428815956995094893500208854675292968750,0.9957284331321716,0.9957284331321716,0.995728448809157,1,1,1
7.62939453125e-05,7.62939453125e-05,0.0000763188895082089757693211140576750040054321289062,0.9999237060546876,0.9999237060546876,0.9999236811104918,1,1,1
8.225440979003906e-05,8.225440979e-05,0.0000822672137376079248838323110248893499374389648437,0.99991774559021,0.99991774559021,0.9999177327862624,1,1,1
0.0001726746559143,0.000172734260559,0.0001727348123794492096294561633840203285217285156250,0.9998273253440856,0.9998272657394408,0.9998272651876206,1,1,1
0.0001900792121887,0.0001901388168334,0.0001901496741056885042553403764031827449798583984375,0.9998099207878112,0.9998098611831664,0.9998098503258942,1,1,1
0.0224570631980896,0.0224570035934448,0.0224569572563217967342552583431825041770935058593750,0.9775429368019104,0.9775429964065552,0.977543042743678,1,1,1
0.0047788023948669,0.0047787427902221,0.0047787370963338071661041794868651777505874633789062,0.9952211976051332,0.9952212572097778,0.9952212629036662,1,1,1
1.4662742614746094e-05,1.46627426147e-05,0.0000146409207358866311210476851556450128555297851562,0.9999853372573853,0.9999853372573853,0.999985359079264,1,1,1
0.0003063678741455,0.0003063678741455,0.0003063897534982817916215935838408768177032470703125,0.9996936321258544,0.9996936321258544,0.9996936102465016,1,1,1
0.1581473350524902,0.1581473350524902,0.1581473418419439003201887317118234932422637939453125,0.8418526649475098,0.8418526649475097,0.8418526581580561,1,1,1
0.0002514719963073,0.0002515316009521,0.0002515274529977240547395922476425766944885253906250,0.9997485280036926,0.9997484683990479,0.9997484725470024,1,1,1
4.458427429199219e-05,4.45842742919e-05,0.0000445969946615276668921978853177279233932495117187,0.999955415725708,0.999955415725708,0.9999554030053384,1,1,1
3.218650817871094e-05,3.22461128234e-05,0.0000322321074286424646970772300846874713897705078125,0.9999678134918212,0.9999677538871764,0.9999677678925714,1,1,1
0.0375617146492004,0.0375617742538452,0.0375617932049764347013365295424591749906539916992187,0.9624382853507996,0.9624382257461548,0.9624382067950236,1,1,1
5.125999450683594e-05,5.12599945068e-05,0.0000512446372270547456651001994032412767410278320312,0.9999487400054932,0.9999487400054932,0.9999487553627728,1,1,1
0.0062894821166992,0.0062895417213439,0.0062895276172078018461775172909256070852279663085937,0.9937105178833008,0.993710458278656,0.993710472382792,1,1,1
0.0001336336135864,0.0001336336135864,0.0001336388902338780937384399294387549161911010742187,0.9998663663864136,0.9998663663864136,0.999866361109766,1,1,1
0.0001761317253112,0.000176191329956,0.0001762000267593322178072412498295307159423828125000,0.9998238682746888,0.999823808670044,0.9998237999732406,1,1,1
6.377696990966797e-05,6.37769699096e-05,0.0000638064842536367748948578082490712404251098632812,0.9999362230300904,0.9999362230300904,0.9999361935157463,1,1,1
1.5735626220703125e-05,1.57952308654e-05,0.0000157797751181298906431038631126284599304199218750,0.9999842643737792,0.9999842047691344,0.9999842202248816,1,1,1
0.0004956722259521,0.0004957318305969,0.0004957084241071774144415940099861472845077514648437,0.999504327774048,0.999504268169403,0.9995042915758928,1,1,1
0.0004482865333557,0.0004482865333557,0.0004482710005299095357145233720075339078903198242187,0.9995517134666444,0.9995517134666442,0.99955172899947,1,1,1
0.0009030103683471,0.0009030699729919,0.0009030769698298302117223101959098130464553833007812,0.9990969896316528,0.999096930027008,0.99909692303017,1,1,1
0.062389075756073,0.0623890161514282,0.0623889438798151907406008831458166241645812988281250,0.937610924243927,0.9376109838485716,0.9376110561201848,1,1,1
2.491474151611328e-05,2.48551368713e-05,0.0000248607272135270562785080983303487300872802734375,0.999975085258484,0.9999751448631286,0.9999751392727864,1,1,1
0.0032278895378112,0.0032278895378112,0.0032278682011213088998147213715128600597381591796875,0.9967721104621888,0.9967721104621888,0.9967721317988786,1,1,1
0.0005989074707031,0.0005989074707031,0.0005989108676983656565084856993053108453750610351562,0.9994010925292968,0.9994010925292968,0.9994010891323016,1,1,1
0.1761007308959961,0.1761006712913513,0.1761006440256585037218428624328225851058959960937500,0.8238992691040039,0.8238993287086486,0.8238993559743414,1,1,1
0.0137087702751159,0.0137087106704711,0.0137087365840350416945625511289108544588088989257812,0.986291229724884,0.9862912893295288,0.9862912634159648,1,1,1
0.0035263895988464,0.0035263299942016,0.0035263168739551042918378698232118040323257446289062,0.9964736104011536,0.9964736700057985,0.9964736831260448,1,1,1
0.0547693967819213,0.0547693371772766,0.0547693212729468648092279181582853198051452636718750,0.9452306032180786,0.9452306628227232,0.9452306787270532,1,1,1
0.0030668973922729,0.0030668973922729,0.0030669100555458239654171848087571561336517333984375,0.996933102607727,0.996933102607727,0.996933089944454,1,1,1
0.0027613639831542,0.0027613639831542,0.0027613709011157228090382886875886470079421997070312,0.9972386360168456,0.9972386360168456,0.9972386290988842,1,1,1
0.002493679523468,0.0024937391281127,0.0024937176324656418202607710554730147123336791992187,0.997506320476532,0.9975062608718872,0.9975062823675344,1,1,1
0.000268280506134,0.000268280506134,0.0002682791823713781553806256852112710475921630859375,0.999731719493866,0.999731719493866,0.9997317208176284,1,1,1
0.0001395940780639,0.0001395344734191,0.0001395592009576507308565851417370140552520751953125,0.999860405921936,0.9998604655265808,0.9998604407990423,1,1,1
0.0171188116073608,0.0171188116073608,0.0171188070770976752399405995674896985292434692382812,0.9828811883926392,0.9828811883926392,0.9828811929229022,1,1,1
0.0685359239578247,0.0685359835624694,0.0685358648401007641837168193887919187545776367187500,0.9314640760421752,0.9314640164375304,0.9314641351598992,1,1,1
2.0384788513183597e-05,2.03847885131e-05,0.0000204074231583417642355016141664236783981323242187,0.9999796152114868,0.9999796152114868,0.9999795925768415,1,1,1
0.0001248121261596,0.0001248121261596,0.0001247923552517571366138326993677765130996704101562,0.9998751878738404,0.9998751878738404,0.9998752076447482,1,1,1
0.0025814771652221,0.0025814175605773,0.0025814439437712444203043560264632105827331542968750,0.9974185228347778,0.9974185824394226,0.9974185560562286,1,1,1
0.0042586326599121,0.0042586326599121,0.0042586356437983585720985502121038734912872314453125,0.995741367340088,0.9957413673400878,0.9957413643562016,1,1,1
0.004245638847351,0.004245638847351,0.0042456171753466609430915923439897596836090087890625,0.9957543611526488,0.9957543611526488,0.9957543828246532,1,1,1
0.0011546611785888,0.0011546611785888,0.0011546503097751292798989197763148695230484008789062,0.9988453388214112,0.9988453388214112,0.9988453496902248,1,1,1
0.0003094673156738,0.0003094673156738,0.0003094538266497082190653600264340639114379882812500,0.9996905326843262,0.999690532684326,0.9996905461733502,1,1,1
0.0005457997322082,0.000545859336853,0.0005458359550196689724543830379843711853027343750000,0.9994542002677916,0.9994541406631468,0.9994541640449804,1,1,1
5.09023666381836e-05,5.08427619934e-05,0.0000508653784310197920603968668729066848754882812500,0.9999490976333618,0.9999491572380064,0.9999491346215688,1,1,1
0.0024186372756958,0.002418577671051,0.0024185582849688413986655177723150700330734252929687,0.9975813627243042,0.9975814223289488,0.9975814417150312,1,1,1
3.838539123535156e-05,3.83257865905e-05,0.0000383431628582231454061002295929938554763793945312,0.9999616146087646,0.9999616742134094,0.9999616568371416,1,1,1
0.0011529922485351,0.0011529922485351,0.0011529729643953157136593290488235652446746826171875,0.9988470077514648,0.9988470077514648,0.9988470270356046,1,1,1
4.76837158203125e-05,4.76241111755e-05,0.0000476465146895810320870623399969190359115600585937,0.9999523162841796,0.9999523758888244,0.9999523534853104,1,1,1
0.0007267594337463,0.0007268190383911,0.0007268102189562641868292303115595132112503051757812,0.9992732405662536,0.9992731809616088,0.9992731897810436,1,1,1
0.0002166628837585,0.0002166032791137,0.0002166187659744522875371330883353948593139648437500,0.9997833371162416,0.9997833967208862,0.9997833812340255,1,1,1
0.0022389888763427,0.0022390484809875,0.0022390207402148698534460891096387058496475219726562,0.9977610111236572,0.9977609515190125,0.9977609792597852,1,1,1
0.0001101493835449,0.0001102089881896,0.0001101948590567225494396552676334977149963378906250,0.9998898506164552,0.9998897910118104,0.9998898051409432,1,1,1
0.0022574663162231,0.0022574663162231,0.0022574894106752729783238464733585715293884277343750,0.9977425336837769,0.9977425336837769,0.9977425105893246,1,1,1
1.2040138244628906e-05,1.20997428894e-05,0.0000120905445217811546854136395268142223358154296875,0.9999879598617554,0.9999879002571104,0.999987909455478,1,1,1
0.1301702857017517,0.1301702857017517,0.1301705383462695708729484067589510232210159301757812,0.8698297142982483,0.8698297142982482,0.8698294616537303,1,1,1
0.0221861600875854,0.0221861600875854,0.0221861008678121418569162415224127471446990966796875,0.9778138399124146,0.9778138399124144,0.9778138991321877,1,1,1
0.0009916424751281,0.0009916424751281,0.0009916657210942148026333597954362630844116210937500,0.9990083575248718,0.9990083575248718,0.9990083342789056,1,1,1
6.628036499023438e-05,6.6339969635e-05,0.0000663234756991259999381327361334115266799926757812,0.9999337196350098,0.9999336600303648,0.9999336765243008,1,1,1
0.006385326385498,0.006385326385498,0.0063853139464743469133622966182883828878402709960937,0.993614673614502,0.993614673614502,0.9936146860535257,1,1,1
0.0069889426231384,0.0069890022277832,0.0069889606868794862393201583472546190023422241210937,0.9930110573768616,0.9930109977722168,0.9930110393131204,1,1,1
7.104873657226562e-05,7.09891319274e-05,0.0000710086206546778342385550786275416612625122070312,0.9999289512634276,0.9999290108680724,0.9999289913793452,1,1,1
0.3001691102981567,0.3001691699028015,0.3001693499682644095116756943752989172935485839843750,0.6998308897018433,0.6998308300971984,0.6998306500317355,1,1,1
0.0203042030334472,0.0203041434288024,0.0203041527170698676840743246430065482854843139648437,0.9796957969665528,0.9796958565711976,0.97969584728293,1,1,1
0.0087082982063293,0.0087082386016845,0.0087082541477009343111603811848908662796020507812500,0.9912917017936708,0.9912917613983154,0.991291745852299,1,1,1
0.0041755437850952,0.0041754841804504,0.0041755029995114156804447702597826719284057617187500,0.9958244562149048,0.9958245158195496,0.9958244970004884,1,1,1
2.002716064453125e-05,2.00271606445e-05,0.0000200116117513582381093328876886516809463500976562,0.9999799728393556,0.9999799728393554,0.9999799883882486,1,1,1
0.0053098201751708,0.0053098797798156,0.0053098600609574608810703466588165611028671264648437,0.9946901798248292,0.9946901202201844,0.9946901399390424,1,1,1
0.0023083686828613,0.0023083686828613,0.0023083544819277879156516064540483057498931884765625,0.9976916313171388,0.9976916313171386,0.9976916455180722,1,1,1
5.257129669189453e-05,5.25712966918e-05,0.0000525597051669324244471681595314294099807739257812,0.999947428703308,0.999947428703308,0.999947440294833,1,1,1
0.0001640319824218,0.000163972377777,0.0001639992763740050207843523821793496608734130859375,0.999835968017578,0.9998360276222228,0.999836000723626,1,1,1
0.0001660585403442,0.0001659989356994,0.0001660252082034130438614738523028790950775146484375,0.9998339414596558,0.9998340010643004,0.9998339747917964,1,1,1
0.0018302202224731,0.0018301606178283,0.0018301466796113441404258992406539618968963623046875,0.9981697797775269,0.9981698393821716,0.9981698533203885,1,1,1
0.0020492672920227,0.0020492672920227,0.0020492802285828615183049805636983364820480346679687,0.9979507327079772,0.9979507327079772,0.9979507197714172,1,1,1
5.1021575927734375e-05,5.10811805725e-05,0.0000510669689821607875046538538299500942230224609375,0.9999489784240724,0.9999489188194274,0.9999489330310176,1,1,1
2.765655517578125e-05,2.7596950531e-05,0.0000276017225884217509701556991785764694213867187500,0.9999723434448242,0.9999724030494688,0.9999723982774116,1,1,1
0.000308871269226,0.0003089308738708,0.0003089300487281176899045931349974125623703002929687,0.999691128730774,0.9996910691261292,0.999691069951272,1,1,1
0.0180010795593261,0.0180010199546813,0.0180010174175069259661086107371374964714050292968750,0.9819989204406738,0.9819989800453186,0.9819989825824929,1,1,1
0.0021289587020874,0.0021288990974426,0.0021289094383531992349389838636852800846099853515625,0.9978710412979126,0.9978711009025572,0.9978710905616468,1,1,1
4.029273986816406e-05,4.03523445129e-05,0.0000403410536004011888167042343411594629287719726562,0.9999597072601318,0.999959647655487,0.9999596589463996,1,1,1
0.038502037525177,0.0385020971298217,0.0385020517215709503489051712676882743835449218750000,0.961497962474823,0.9614979028701782,0.961497948278429,1,1,1
0.0236276984214782,0.023627758026123,0.0236277349011715376292386281420476734638214111328125,0.9763723015785216,0.9763722419738768,0.9763722650988284,1,1,1
0.0046936869621276,0.0046936869621276,0.0046936815993821046077982828137464821338653564453125,0.9953063130378724,0.9953063130378724,0.995306318400618,1,1,1
0.0001595020294189,0.0001594424247741,0.0001594697138593836882591858739033341407775878906250,0.999840497970581,0.9998405575752258,0.9998405302861408,1,1,1
0.2040064930915832,0.2040064334869384,0.2040064753337074154870833808672614395618438720703125,0.7959935069084167,0.7959935665130615,0.7959935246662926,1,1,1
0.05734783411026,0.05734783411026,0.0573477876788860463364017050480470061302185058593750,0.94265216588974,0.94265216588974,0.942652212321114,1,1,1
0.0003365278244018,0.000336468219757,0.0003364945024331156275820831069722771644592285156250,0.999663472175598,0.9996635317802428,0.9996635054975668,1,1,1
2.562999725341797e-05,2.56299972534e-05,0.0000256424147678790959048455988522619009017944335937,0.9999743700027466,0.9999743700027464,0.999974357585232,1,1,1
0.0010547041893005,0.0010547041893005,0.0010546771091828333055673283524811267852783203125000,0.9989452958106996,0.9989452958106994,0.9989453228908172,1,1,1
0.0001301765441894,0.0001301765441894,0.0001301563928141069581556621415074914693832397460937,0.9998698234558104,0.9998698234558104,0.9998698436071858,1,1,1
0.0011712908744812,0.0011712908744812,0.0011712749413292922184837152599357068538665771484375,0.9988287091255188,0.9988287091255188,0.9988287250586706,1,1,1
0.0001200437545776,0.0001200437545776,0.0001200162069522336949489726976025849580764770507812,0.9998799562454224,0.9998799562454224,0.9998799837930477,1,1,1
0.0032032132148742,0.003203272819519,0.0032032589537267508461582110612653195858001708984375,0.9967967867851256,0.9967967271804808,0.9967967410462732,1,1,1
0.000947892665863,0.000947892665863,0.0009478716604344183949137914169114083051681518554687,0.999052107334137,0.9990521073341369,0.9990521283395656,1,1,1
5.5909156799316406e-05,5.58495521545e-05,0.0000558614082557529201267243479378521442413330078125,0.9999440908432008,0.9999441504478453,0.9999441385917442,1,1,1
1.2159347534179688e-05,1.21593475341e-05,0.0000121563681063641126911534229293465614318847656250,0.9999878406524658,0.9999878406524658,0.9999878436318936,1,1,1
0.0003223419189453,0.0003223419189453,0.0003223593459339424427412268414627760648727416992187,0.9996776580810548,0.9996776580810546,0.999677640654066,1,1,1
5.507469177246094e-05,5.51342964172e-05,0.0000551233725045729983094133785925805568695068359375,0.9999449253082277,0.9999448657035828,0.9999448766274952,1,1,1
0.2427602410316467,0.2427602410316467,0.2427602023898970173831912688910961151123046875000000,0.7572397589683533,0.7572397589683532,0.7572397976101028,1,1,1
0.0021491050720214,0.0021491050720214,0.0021491032776087548583632269583176821470260620117187,0.9978508949279784,0.9978508949279784,0.9978508967223912,1,1,1
0.0001171827316284,0.0001171827316284,0.0001171799914023718969247056520543992519378662109375,0.9998828172683716,0.9998828172683716,0.9998828200085976,1,1,1
0.0031501650810241,0.0031501650810241,0.0031501720103329633460020886559505015611648559570312,0.9968498349189758,0.9968498349189758,0.9968498279896668,1,1,1
0.0488302111625671,0.0488301515579223,0.0488301326535165447495501211960799992084503173828125,0.9511697888374328,0.9511698484420776,0.9511698673464835,1,1,1
0.0973498821258544,0.0973499417304992,0.0973500319292538485171917272964492440223693847656250,0.9026501178741456,0.9026500582695008,0.902649968070746,1,1,1
0.0010527968406677,0.0010528564453125,0.0010528593424821153234915982466191053390502929687500,0.9989472031593324,0.9989471435546876,0.9989471406575178,1,1,1
0.000990867614746,0.0009908080101013,0.0009908194671711667567137737933080643415451049804687,0.999009132385254,0.9990091919898986,0.9990091805328288,1,1,1
0.0001665353775024,0.0001664757728576,0.0001664613044686236165148329746443778276443481445312,0.9998334646224976,0.9998335242271424,0.9998335386955312,1,1,1
0.005849540233612,0.0058494806289672,0.0058494641705435501677357024163939058780670166015625,0.994150459766388,0.9941505193710328,0.9941505358294564,1,1,1
0.0015285611152648,0.0015285015106201,0.0015284897052484369694980159692931920289993286132812,0.9984714388847352,0.9984714984893798,0.9984715102947515,1,1,1
0.0046791434288024,0.0046791434288024,0.0046791729362499756561533104104455560445785522460937,0.9953208565711976,0.9953208565711976,0.99532082706375,1,1,1
0.0028798580169677,0.0026540160179138,0.0028799136399164648736359595204703509807586669921875,0.9971201419830322,0.997345983982086,0.9971200863600834,1,1,1
2.920627593994141e-05,2.92658805847e-05,0.0000292624565715327022985547955613583326339721679687,0.99997079372406,0.9999707341194152,0.9999707375434284,1,1,1
0.0002973675727844,0.0002973079681396,0.0002973117776704503611995278333779424428939819335937,0.9997026324272156,0.9997026920318604,0.9997026882223295,1,1,1
0.0002920031547546,0.0002920031547546,0.0002919845994847625192392115422990173101425170898437,0.9997079968452454,0.9997079968452453,0.9997080154005152,1,1,1
0.0009992718696594,0.0009992718696594,0.0009992510738418003413130463741254061460494995117187,0.9990007281303406,0.9990007281303404,0.9990007489261582,1,1,1
0.0005141496658325,0.0005140900611877,0.0005141113496340832256237263209186494350433349609375,0.9994858503341676,0.9994859099388121,0.9994858886503658,1,1,1
0.0060021877288818,0.0060022473335266,0.0060022198265158310803712993219960480928421020507812,0.9939978122711182,0.9939977526664732,0.993997780173484,1,1,1
0.0021453499794006,0.0021453499794006,0.0021453498697061590405610331799834966659545898437500,0.9978546500205994,0.9978546500205993,0.9978546501302938,1,1,1
4.017353057861328e-05,4.01735305786e-05,0.0000401706365380505303619429469108581542968750000000,0.9999598264694214,0.9999598264694212,0.999959829363462,1,1,1
0.0073634386062622,0.0073633790016174,0.0073633784311930572386017956887371838092803955078125,0.9926365613937378,0.9926366209983823,0.9926366215688068,1,1,1
0.002899944782257,0.002899944782257,0.0028999703415338862200201219820883125066757202148437,0.9971000552177428,0.9971000552177428,0.997100029658466,1,1,1
0.0039700865745544,0.0039700269699096,0.0039700383468774802508960419800132513046264648437500,0.9960299134254456,0.9960299730300904,0.9960299616531224,1,1,1
