score0,score1,score2,score3,score4,score5,class
0.001475,0.997824,0.000570,0.000059,0.000041,0.000030,1
0.000001,0.000002,0.999994,0.000000,0.000001,0.000001,2
0.999988,0.000011,0.000000,0.000000,0.000000,0.000000,0
0.000000,0.000000,0.000001,0.000237,0.000000,0.999762,5
0.000001,0.000000,0.000001,0.999850,0.000143,0.000005,3
0.000003,0.000001,0.000012,0.999938,0.000003,0.000043,3
0.000223,0.000012,0.000061,0.979765,0.019407,0.000533,3
0.000005,0.999988,0.000002,0.000000,0.000002,0.000003,1
0.000000,0.000000,0.000000,0.999996,0.000002,0.000001,3
0.000011,0.999973,0.000001,0.000002,0.000007,0.000007,1
0.999986,0.000005,0.000001,0.000001,0.000004,0.000003,0
0.000001,0.000002,0.999994,0.000000,0.000001,0.000001,2
0.000113,0.000019,0.000044,0.813089,0.186012,0.000724,3
0.000191,0.000002,0.000031,0.989070,0.010601,0.000104,3
0.000010,0.000001,0.999984,0.000001,0.000003,0.000002,2
0.002582,0.997274,0.000033,0.000049,0.000016,0.000046,1
0.999998,0.000000,0.000001,0.000000,0.000001,0.000001,0
0.000017,0.000794,0.999069,0.000018,0.000045,0.000057,2
0.000414,0.000010,0.999553,0.000006,0.000007,0.000010,2
0.000005,0.000001,0.000000,0.000016,0.999967,0.000012,4
0.002813,0.996892,0.000232,0.000012,0.000014,0.000036,1
0.996892,0.001035,0.001629,0.000022,0.000254,0.000168,0
0.000000,0.000000,0.000000,0.000001,0.999997,0.000001,4
0.999976,0.000022,0.000000,0.000000,0.000001,0.000001,0
0.000094,0.001952,0.997880,0.000016,0.000020,0.000039,2
0.000000,0.000000,0.000001,0.000067,0.000000,0.999932,5
0.000020,0.999954,0.000005,0.000002,0.000009,0.000011,1
0.000000,0.000000,0.000000,0.000154,0.000000,0.999845,5
0.000006,0.000001,0.000004,0.999933,0.000012,0.000045,3
0.000001,0.000001,0.000025,0.999930,0.000011,0.000031,3
0.000000,0.000000,0.000000,0.000045,0.000003,0.999951,5
0.000002,0.000000,0.000001,0.999963,0.000016,0.000016,3
0.000001,0.000000,0.000001,0.999989,0.000000,0.000009,3
0.000018,0.999047,0.000916,0.000001,0.000011,0.000007,1
0.000011,0.000006,0.000005,0.974032,0.025861,0.000085,3
0.000010,0.000020,0.000088,0.998793,0.000727,0.000362,3
0.000000,0.000000,0.000000,0.000000,0.999999,0.000001,4
0.999974,0.000009,0.000000,0.000001,0.000008,0.000007,0
0.000010,0.999908,0.000013,0.000015,0.000015,0.000040,1
0.000009,0.000001,0.000004,0.999794,0.000159,0.000034,3
0.000019,0.000004,0.999973,0.000000,0.000002,0.000002,2
0.000099,0.004541,0.995215,0.000014,0.000084,0.000047,2
0.000001,0.000000,0.000000,0.000005,0.999990,0.000004,4
0.000057,0.000039,0.999863,0.000002,0.000023,0.000016,2
0.000000,0.000000,0.000000,0.000134,0.000000,0.999865,5
0.000016,0.999982,0.000000,0.000000,0.000000,0.000001,1
0.999981,0.000015,0.000000,0.000001,0.000001,0.000002,0
0.000137,0.999480,0.000344,0.000008,0.000016,0.000015,1
0.000008,0.000009,0.000002,0.000035,0.999906,0.000040,4
0.000000,0.000000,0.000000,0.000152,0.000000,0.999847,5
0.000000,0.000000,0.000000,0.999997,0.000001,0.000002,3
0.000000,0.000000,0.000000,0.000003,0.999995,0.000002,4
0.000000,0.000000,0.000000,0.000115,0.000001,0.999883,5
0.000001,0.999998,0.000000,0.000000,0.000001,0.000000,1
0.000011,0.000002,0.999983,0.000000,0.000002,0.000002,2
0.000002,0.000001,0.000001,0.000028,0.999954,0.000015,4
0.000007,0.000002,0.000002,0.995037,0.004921,0.000031,3
0.000016,0.000002,0.000001,0.997990,0.001951,0.000040,3
0.000333,0.969277,0.030027,0.000002,0.000319,0.000042,1
0.000005,0.000451,0.999530,0.000003,0.000003,0.000008,2
0.973457,0.000064,0.026432,0.000004,0.000022,0.000021,0
0.000000,0.000000,0.000000,0.000238,0.000000,0.999761,5
0.998108,0.001544,0.000106,0.000008,0.000133,0.000101,0
0.004257,0.000181,0.000187,0.001093,0.991270,0.003012,4
0.000001,0.000006,0.999989,0.000000,0.000002,0.000002,2
0.000022,0.000009,0.000011,0.003595,0.996264,0.000099,4
0.999496,0.000321,0.000049,0.000023,0.000064,0.000047,0
0.000000,0.000001,0.000014,0.999974,0.000000,0.000011,3
0.000000,0.000000,0.000000,0.000042,0.000000,0.999957,5
0.000001,0.999996,0.000000,0.000000,0.000001,0.000001,1
0.000156,0.000031,0.000105,0.195286,0.803729,0.000694,4
0.000000,0.000000,0.000000,0.000206,0.000006,0.999787,5
0.000040,0.000002,0.000002,0.000145,0.999758,0.000054,4
0.000000,0.999998,0.000001,0.000000,0.000000,0.000001,1
0.999997,0.000001,0.000000,0.000001,0.000000,0.000001,0
0.000000,0.000000,0.000000,0.000152,0.000001,0.999847,5
0.999996,0.000002,0.000001,0.000000,0.000001,0.000001,0
0.000000,0.000022,0.999976,0.000000,0.000001,0.000001,2
0.000001,0.000000,0.999997,0.000000,0.000001,0.000000,2
0.000144,0.000122,0.000018,0.000070,0.999184,0.000462,4
0.000001,0.000000,0.000000,0.000003,0.000030,0.999966,5
0.000022,0.000022,0.000007,0.000080,0.999768,0.000101,4
0.000001,0.000000,0.000000,0.000438,0.000000,0.999561,5
0.999901,0.000008,0.000060,0.000009,0.000004,0.000017,0
0.000002,0.999990,0.000002,0.000001,0.000002,0.000003,1
0.000000,0.000001,0.999998,0.000000,0.000000,0.000000,2
0.000013,0.000001,0.000041,0.999889,0.000001,0.000054,3
0.999383,0.000218,0.000015,0.000021,0.000243,0.000121,0
0.000000,0.999976,0.000021,0.000000,0.000001,0.000001,1
0.000000,0.999967,0.000016,0.000000,0.000012,0.000005,1
0.999766,0.000066,0.000010,0.000005,0.000101,0.000051,0
0.000001,0.999975,0.000010,0.000001,0.000009,0.000005,1
0.000001,0.000000,0.000000,0.000019,0.000002,0.999978,5
0.000001,0.000000,0.000000,0.000002,0.999994,0.000003,4
0.000000,0.000000,0.000000,0.000031,0.000000,0.999968,5
0.000001,0.000001,0.999998,0.000000,0.000000,0.000000,2
0.000105,0.030142,0.969440,0.000052,0.000137,0.000124,2
0.000008,0.000002,0.000001,0.999913,0.000039,0.000037,3
0.000090,0.000039,0.000083,0.990636,0.008471,0.000682,3
0.000002,0.000002,0.999994,0.000000,0.000001,0.000001,2
0.000000,0.000000,0.000000,0.000510,0.000002,0.999487,5
0.002215,0.000096,0.997011,0.000157,0.000310,0.000211,2
0.002189,0.997523,0.000003,0.000190,0.000044,0.000051,1
0.997633,0.002327,0.000002,0.000016,0.000008,0.000013,0
0.000001,0.000001,0.000001,0.000020,0.999968,0.000008,4
0.000079,0.000004,0.000069,0.017570,0.982112,0.000166,4
0.000007,0.999988,0.000001,0.000000,0.000001,0.000003,1
0.000000,0.000000,0.000000,0.000000,0.999997,0.000002,4
0.000005,0.000005,0.999986,0.000001,0.000002,0.000002,2
0.000037,0.000004,0.000002,0.999480,0.000398,0.000079,3
0.000000,0.000000,0.000000,0.000073,0.000001,0.999926,5
0.000026,0.000018,0.999928,0.000005,0.000012,0.000011,2
0.999958,0.000019,0.000018,0.000002,0.000001,0.000002,0
0.000003,0.000003,0.999990,0.000000,0.000002,0.000002,2
0.000001,0.000000,0.000000,0.000044,0.000002,0.999954,5
0.000001,0.000000,0.000001,0.999985,0.000000,0.000011,3
0.999884,0.000093,0.000014,0.000001,0.000005,0.000004,0
0.000000,0.000000,0.000001,0.000507,0.000000,0.999492,5
0.000002,0.000005,0.999990,0.000000,0.000001,0.000001,2
0.000019,0.000008,0.000029,0.035068,0.964724,0.000152,4
0.000001,0.000000,0.000000,0.000309,0.000000,0.999690,5
0.000000,0.000000,0.000000,0.000216,0.000000,0.999783,5
0.000000,0.000000,0.000001,0.000186,0.000002,0.999810,5
0.000000,0.000000,0.000000,0.000029,0.000000,0.999970,5
0.000089,0.000021,0.000050,0.005334,0.994102,0.000404,4
0.000035,0.999862,0.000017,0.000020,0.000030,0.000036,1
0.000001,0.999982,0.000015,0.000000,0.000001,0.000001,1
0.000000,0.000000,0.000000,1.000000,0.000000,0.000000,3
0.000043,0.999934,0.000009,0.000002,0.000006,0.000007,1
0.000123,0.999850,0.000011,0.000001,0.000005,0.000011,1
0.999928,0.000001,0.000066,0.000000,0.000002,0.000002,0
0.999836,0.000161,0.000001,0.000000,0.000001,0.000001,0
0.000002,0.000000,0.000001,0.000003,0.999986,0.000008,4
0.000027,0.000002,0.000006,0.000564,0.999337,0.000065,4
0.000004,0.999978,0.000001,0.000005,0.000005,0.000006,1
0.000004,0.999797,0.000006,0.000016,0.000147,0.000032,1
0.000001,0.000037,0.999960,0.000002,0.000001,0.000001,2
0.000012,0.000001,0.000004,0.003102,0.996846,0.000035,4
0.000000,0.000000,0.000000,0.000288,0.000000,0.999711,5
0.000010,0.000001,0.000011,0.999699,0.000239,0.000040,3
0.000001,0.000001,0.000000,0.000003,0.999984,0.000010,4
0.999997,0.000000,0.000001,0.000000,0.000001,0.000000,0
0.000035,0.000003,0.999950,0.000000,0.000007,0.000004,2
0.000002,0.999980,0.000005,0.000003,0.000002,0.000007,1
0.999990,0.000001,0.000001,0.000004,0.000002,0.000002,0
0.000011,0.999911,0.000016,0.000003,0.000031,0.000027,1
0.000022,0.999951,0.000005,0.000002,0.000011,0.000009,1
0.000001,0.000000,0.000001,0.999981,0.000001,0.000015,3
0.998103,0.001821,0.000041,0.000003,0.000017,0.000016,0
0.000000,0.000100,0.999898,0.000000,0.000001,0.000001,2
0.000008,0.000001,0.000005,0.000514,0.999438,0.000034,4
0.000001,0.000000,0.000010,0.999974,0.000002,0.000013,3
0.000543,0.993760,0.005442,0.000061,0.000121,0.000072,1
0.000001,0.000000,0.000000,0.000018,0.999975,0.000006,4
0.000006,0.999715,0.000241,0.000002,0.000016,0.000020,1
0.999770,0.000005,0.000208,0.000001,0.000008,0.000008,0
0.999065,0.000653,0.000117,0.000073,0.000033,0.000060,0
0.000000,0.000000,0.000000,0.000058,0.000000,0.999942,5
0.000000,0.000000,0.000000,0.000040,0.000000,0.999959,5
0.000000,0.000000,0.000000,0.000000,0.999999,0.000000,4
0.000000,0.000000,0.000000,0.000065,0.000000,0.999934,5
0.014292,0.001242,0.983828,0.000022,0.000388,0.000229,2
0.000020,0.000002,0.000003,0.003981,0.995950,0.000044,4
0.999996,0.000000,0.000000,0.000000,0.000002,0.000001,0
0.000004,0.000001,0.000004,0.999400,0.000568,0.000023,3
0.000250,0.999042,0.000546,0.000012,0.000088,0.000062,1
0.000027,0.000002,0.000004,0.020938,0.978941,0.000087,4
0.005990,0.001005,0.992803,0.000060,0.000030,0.000113,2
0.000005,0.999720,0.000028,0.000022,0.000146,0.000078,1
0.000000,0.000000,0.000000,0.000216,0.000000,0.999783,5
0.000005,0.000001,0.000004,0.999583,0.000386,0.000021,3
0.000001,0.000000,0.000000,0.000001,0.999996,0.000003,4
0.000309,0.000170,0.999464,0.000014,0.000023,0.000021,2
0.000006,0.000001,0.000007,0.999948,0.000011,0.000027,3
0.662758,0.138198,0.188763,0.000278,0.005838,0.004164,0
0.000001,0.000000,0.000000,0.999989,0.000007,0.000003,3
0.000005,0.000001,0.000011,0.998620,0.001330,0.000032,3
0.000000,0.000000,0.000000,0.000004,0.000005,0.999990,5
0.000000,0.000000,0.000001,0.000047,0.000000,0.999952,5
0.000144,0.000048,0.999596,0.000058,0.000071,0.000083,2
0.999954,0.000016,0.000008,0.000009,0.000007,0.000006,0
0.000012,0.000008,0.000134,0.998545,0.001076,0.000225,3
0.000005,0.000003,0.000018,0.999911,0.000002,0.000062,3
0.000011,0.000007,0.000013,0.000046,0.999816,0.000108,4
0.000002,0.999977,0.000001,0.000013,0.000002,0.000004,1
0.000004,0.999987,0.000004,0.000000,0.000003,0.000003,1
0.000215,0.000019,0.000154,0.012979,0.985914,0.000719,4
0.000005,0.999903,0.000078,0.000001,0.000007,0.000006,1
0.000153,0.000019,0.000034,0.990355,0.008953,0.000487,3
0.000000,0.000000,0.000000,0.000046,0.000000,0.999953,5
0.999989,0.000002,0.000007,0.000000,0.000001,0.000001,0
0.000002,0.999994,0.000001,0.000001,0.000001,0.000001,1
0.002625,0.018670,0.002775,0.042870,0.918561,0.014498,4
0.000005,0.000001,0.000002,0.000097,0.999869,0.000026,4
0.999865,0.000008,0.000100,0.000001,0.000016,0.000009,0
0.000008,0.000002,0.999967,0.000022,0.000000,0.000001,2
0.000003,0.000002,0.000001,0.000028,0.999944,0.000022,4
0.000001,0.000008,0.999987,0.000002,0.000001,0.000001,2
0.000000,0.000000,0.000001,0.000016,0.000003,0.999980,5
0.000136,0.000147,0.999680,0.000002,0.000016,0.000019,2
0.000006,0.000001,0.000004,0.997115,0.002851,0.000023,3
0.000047,0.000006,0.000010,0.999125,0.000692,0.000119,3
0.000000,0.000000,0.999999,0.000000,0.000000,0.000000,2
0.000008,0.000027,0.999960,0.000000,0.000002,0.000002,2
0.000027,0.000007,0.000016,0.999617,0.000098,0.000234,3
0.000204,0.000025,0.000076,0.210895,0.788095,0.000706,4
0.000017,0.000003,0.000009,0.999852,0.000022,0.000098,3
0.000001,0.000000,0.000000,0.000032,0.000000,0.999967,5
0.000008,0.000001,0.000007,0.015347,0.984600,0.000036,4
0.000000,0.000000,0.000000,0.001063,0.000000,0.998936,5
0.000000,0.000000,0.000000,0.000042,0.000004,0.999954,5
0.999819,0.000136,0.000028,0.000002,0.000009,0.000006,0
0.000001,0.999987,0.000011,0.000000,0.000001,0.000001,1
0.000008,0.000003,0.999981,0.000000,0.000005,0.000003,2
0.000000,0.000000,0.000000,0.000022,0.000000,0.999977,5
0.000000,0.000000,0.000000,0.000012,0.000000,0.999987,5
0.000000,0.000000,0.000000,0.000004,0.000004,0.999991,5
0.000000,0.000000,0.000002,0.000324,0.000000,0.999674,5
0.000007,0.000001,0.000006,0.999687,0.000246,0.000052,3
0.000030,0.000005,0.000011,0.000199,0.999608,0.000147,4
0.000003,0.000002,0.000047,0.999897,0.000001,0.000051,3
0.999014,0.000060,0.000792,0.000054,0.000041,0.000039,0
0.000000,0.000000,0.000000,0.000549,0.000000,0.999451,5
0.000000,0.000000,0.000000,0.000061,0.000000,0.999938,5
0.000017,0.999962,0.000003,0.000002,0.000010,0.000006,1
0.000000,0.000001,0.000000,0.000000,0.003145,0.996854,5
0.000041,0.000001,0.000003,0.998517,0.001383,0.000055,3
0.000005,0.000000,0.999994,0.000000,0.000000,0.000001,2
0.000133,0.000035,0.000034,0.200804,0.798627,0.000368,4
0.928766,0.070294,0.000398,0.000045,0.000291,0.000207,0
0.000048,0.999843,0.000072,0.000002,0.000019,0.000017,1
0.000000,0.000000,0.000000,0.000004,0.000001,0.999995,5
0.079157,0.000156,0.920260,0.000015,0.000237,0.000175,2
0.000126,0.999857,0.000002,0.000001,0.000004,0.000010,1
0.000004,0.000002,0.000009,0.999901,0.000003,0.000082,3
0.000004,0.999993,0.000001,0.000001,0.000001,0.000001,1
0.000264,0.999370,0.000298,0.000003,0.000033,0.000032,1
0.000013,0.000005,0.000037,0.999069,0.000711,0.000166,3
0.000003,0.999992,0.000001,0.000000,0.000002,0.000002,1
0.000000,0.000000,0.000002,0.000082,0.000001,0.999916,5
0.000044,0.000005,0.000004,0.000167,0.999679,0.000101,4
0.000002,0.000006,0.000001,0.000018,0.999953,0.000020,4
0.000002,0.000001,0.000001,0.998947,0.001044,0.000006,3
0.999947,0.000007,0.000026,0.000001,0.000012,0.000008,0
0.999962,0.000015,0.000009,0.000001,0.000008,0.000005,0
0.000003,0.000007,0.000002,0.000013,0.999937,0.000038,4
0.000004,0.000001,0.000003,0.999925,0.000044,0.000024,3
0.000035,0.000003,0.999958,0.000001,0.000001,0.000002,2
0.999992,0.000006,0.000000,0.000000,0.000001,0.000001,0
0.000001,0.000000,0.000000,0.000003,0.999993,0.000003,4
0.000003,0.999292,0.000646,0.000009,0.000029,0.000021,1
0.000000,0.000001,0.999998,0.000000,0.000000,0.000000,2
0.000004,0.000000,0.000003,0.999964,0.000019,0.000011,3
0.000003,0.000000,0.000000,0.000036,0.999956,0.000004,4
0.000000,0.000000,0.000000,0.000009,0.000001,0.999990,5
0.999986,0.000002,0.000001,0.000001,0.000006,0.000003,0
0.000002,0.000002,0.000002,0.000033,0.999934,0.000026,4
0.000001,0.000000,0.000000,0.000079,0.000008,0.999913,5
0.000048,0.000445,0.999335,0.000048,0.000050,0.000075,2
0.000044,0.999697,0.000225,0.000002,0.000016,0.000016,1
0.000003,0.000001,0.000021,0.999910,0.000007,0.000059,3
0.000001,0.000000,0.000000,0.000008,0.999990,0.000002,4
0.998851,0.001143,0.000000,0.000001,0.000001,0.000003,0
0.000003,0.000000,0.000003,0.999923,0.000054,0.000018,3
0.000000,0.000000,0.000000,0.000062,0.000002,0.999935,5
0.000003,0.000001,0.000000,0.000105,0.999879,0.000011,4
0.000000,0.000000,0.000000,0.000176,0.000001,0.999822,5
0.999962,0.000005,0.000009,0.000013,0.000006,0.000005,0
0.999928,0.000048,0.000015,0.000001,0.000005,0.000003,0
0.996223,0.002593,0.000285,0.000499,0.000100,0.000301,0
0.000043,0.000017,0.999934,0.000001,0.000003,0.000003,2
0.000001,0.000084,0.000019,0.999872,0.000013,0.000011,3
0.999995,0.000001,0.000001,0.000000,0.000002,0.000001,0
0.999752,0.000036,0.000138,0.000019,0.000024,0.000032,0
0.999993,0.000000,0.000006,0.000000,0.000001,0.000000,0
0.000000,0.000000,0.000000,0.000121,0.000000,0.999878,5
0.000000,0.000000,0.000000,0.000029,0.000001,0.999969,5
0.000002,0.000001,0.000001,0.999968,0.000004,0.000024,3
0.999937,0.000029,0.000008,0.000011,0.000006,0.000009,0
0.000004,0.000477,0.999481,0.000004,0.000016,0.000016,2
0.000000,0.000000,0.000000,0.000010,0.000001,0.999989,5
0.000077,0.000018,0.999864,0.000023,0.000010,0.000008,2
0.998965,0.000372,0.000573,0.000013,0.000043,0.000035,0
0.000388,0.000135,0.000060,0.926613,0.071227,0.001577,3
0.000002,0.000000,0.000002,0.000441,0.999546,0.000009,4
0.999978,0.000004,0.000001,0.000007,0.000005,0.000005,0
0.999991,0.000001,0.000003,0.000003,0.000000,0.000001,0
0.000122,0.000035,0.999788,0.000047,0.000002,0.000006,2
0.000496,0.000095,0.999357,0.000005,0.000027,0.000020,2
0.000001,0.000000,0.000000,0.000050,0.000000,0.999949,5
0.000004,0.999763,0.000195,0.000004,0.000016,0.000018,1
0.000007,0.999480,0.000240,0.000071,0.000128,0.000074,1
0.000035,0.000005,0.000020,0.071271,0.928456,0.000213,4
0.000002,0.000001,0.000000,0.000003,0.999980,0.000014,4
0.000003,0.000903,0.999060,0.000007,0.000013,0.000013,2
0.000001,0.000000,0.000000,0.999995,0.000001,0.000003,3
0.985156,0.000042,0.014660,0.000036,0.000058,0.000048,0
0.000014,0.000002,0.000002,0.991310,0.008631,0.000040,3
0.001437,0.000023,0.998507,0.000002,0.000016,0.000015,2
0.000000,0.000000,0.000000,0.000000,0.999999,0.000000,4
0.999997,0.000001,0.000001,0.000001,0.000000,0.000001,0
0.000010,0.000001,0.000002,0.999952,0.000008,0.000028,3
0.000014,0.000015,0.000002,0.000372,0.999554,0.000044,4
0.000000,0.000000,0.000012,0.999981,0.000001,0.000005,3
0.000000,0.000000,0.000000,0.000020,0.000000,0.999980,5
0.000001,0.000000,0.000000,0.999992,0.000005,0.000002,3
0.000004,0.000002,0.000002,0.000012,0.999958,0.000022,4
0.000000,0.000000,0.000000,0.000041,0.000000,0.999958,5
0.000003,0.000000,0.000001,0.999972,0.000018,0.000006,3
0.993047,0.000044,0.006875,0.000002,0.000017,0.000014,0
0.999797,0.000044,0.000105,0.000006,0.000024,0.000023,0
0.999959,0.000024,0.000005,0.000001,0.000005,0.000006,0
0.000371,0.000137,0.999440,0.000003,0.000030,0.000019,2
0.000001,0.000000,0.000000,0.000188,0.000001,0.999811,5
0.000083,0.735688,0.260929,0.000855,0.001321,0.001124,1
0.000036,0.999952,0.000003,0.000003,0.000002,0.000004,1
0.000061,0.999934,0.000001,0.000001,0.000001,0.000003,1
0.000000,0.000001,0.999998,0.000000,0.000000,0.000000,2
0.999988,0.000001,0.000001,0.000002,0.000004,0.000003,0
0.000000,0.000000,0.000004,0.999734,0.000257,0.000004,3
0.000004,0.999988,0.000003,0.000000,0.000002,0.000003,1
0.114293,0.000504,0.884728,0.000075,0.000225,0.000176,2
0.000349,0.000027,0.000040,0.199033,0.799972,0.000579,4
0.000000,0.000000,0.000000,0.000003,0.000056,0.999940,5
0.000000,0.000000,0.000000,0.000012,0.000001,0.999986,5
0.000031,0.000018,0.000007,0.999672,0.000136,0.000136,3
0.000000,0.000000,0.000000,0.000120,0.000012,0.999867,5
0.000001,0.000006,0.000001,0.000006,0.999971,0.000015,4
0.000000,0.000000,0.000000,0.000000,0.999999,0.000001,4
0.000203,0.999684,0.000088,0.000001,0.000014,0.000010,1
0.000004,0.000001,0.000001,0.000082,0.999899,0.000014,4
0.000012,0.997419,0.002410,0.000009,0.000102,0.000048,1
0.000012,0.000013,0.999965,0.000006,0.000002,0.000002,2
0.000000,0.999999,0.000000,0.000000,0.000000,0.000000,1
0.000003,0.000000,0.000000,0.000011,0.999976,0.000009,4
0.000005,0.000002,0.000022,0.999736,0.000191,0.000044,3
0.000522,0.000020,0.000254,0.000620,0.998072,0.000512,4
0.000000,0.000000,0.000000,0.000095,0.000000,0.999904,5
0.000105,0.000019,0.000012,0.000267,0.999364,0.000233,4
0.000001,0.000002,0.999995,0.000000,0.000001,0.000001,2
0.000000,0.000000,0.000000,0.000014,0.000003,0.999982,5
0.000005,0.000002,0.000001,0.000051,0.999919,0.000021,4
0.000000,0.000000,0.000000,0.000054,0.000001,0.999945,5
0.000003,0.000000,0.000000,0.000013,0.999981,0.000003,4
0.000000,0.000000,0.000001,0.999971,0.000025,0.000002,3
0.000031,0.000034,0.000015,0.000158,0.999611,0.000151,4
0.000014,0.999700,0.000236,0.000002,0.000030,0.000018,1
0.000008,0.999939,0.000026,0.000001,0.000014,0.000012,1
0.000001,0.000000,0.000003,0.000181,0.999804,0.000010,4
0.998692,0.001128,0.000055,0.000015,0.000049,0.000062,0
0.000135,0.996115,0.000574,0.000351,0.001983,0.000842,1
0.000081,0.000004,0.999886,0.000009,0.000008,0.000012,2
0.000000,0.000000,0.000000,0.000296,0.000001,0.999703,5
0.000003,0.999988,0.000003,0.000000,0.000004,0.000003,1
0.000012,0.000005,0.000002,0.000118,0.999826,0.000038,4
0.000002,0.000011,0.000045,0.000145,0.999730,0.000068,4
0.999964,0.000001,0.000030,0.000001,0.000001,0.000003,0
0.000046,0.000006,0.000009,0.006918,0.992902,0.000118,4
0.000002,0.999945,0.000003,0.000009,0.000032,0.000008,1
0.000000,0.000000,0.000001,0.000684,0.000000,0.999315,5
0.000008,0.000003,0.000022,0.999861,0.000013,0.000092,3
0.000000,0.000000,0.000000,0.000033,0.000001,0.999966,5
0.000001,0.000000,0.000000,0.000008,0.000007,0.999984,5
0.002507,0.995424,0.001881,0.000006,0.000093,0.000088,1
0.000025,0.000005,0.000005,0.995605,0.004279,0.000083,3
0.999998,0.000000,0.000001,0.000000,0.000001,0.000001,0
0.000023,0.000004,0.999970,0.000000,0.000002,0.000001,2
0.000019,0.999659,0.000204,0.000007,0.000072,0.000040,1
0.000002,0.000000,0.000000,0.000018,0.999970,0.000009,4
0.000067,0.000009,0.000020,0.999047,0.000646,0.000212,3
0.000012,0.000001,0.000007,0.000174,0.999777,0.000029,4
0.000000,0.000000,0.000001,0.000155,0.000000,0.999844,5
0.999586,0.000119,0.000110,0.000130,0.000019,0.000035,0
0.001525,0.997662,0.000746,0.000020,0.000021,0.000026,1
0.000051,0.000061,0.000306,0.016568,0.982402,0.000611,4
0.000069,0.000030,0.000013,0.998851,0.000472,0.000565,3
0.000001,0.000084,0.999912,0.000000,0.000002,0.000002,2
0.000000,0.000123,0.999868,0.000001,0.000003,0.000004,2
0.000011,0.999977,0.000002,0.000001,0.000006,0.000003,1
0.000000,0.000196,0.999793,0.000001,0.000005,0.000005,2
0.000017,0.000006,0.000007,0.001332,0.998569,0.000070,4
0.000000,0.000000,0.000000,0.000000,0.999998,0.000002,4
0.000057,0.000272,0.001326,0.859871,0.137257,0.001217,3
0.000000,0.000000,0.000000,0.000106,0.000000,0.999893,5
0.000000,0.000000,0.000002,0.001543,0.000000,0.998455,5
0.000418,0.999452,0.000022,0.000006,0.000050,0.000053,1
0.000000,0.000000,0.000001,0.999978,0.000016,0.000004,3
0.000001,0.000001,0.000000,0.999934,0.000058,0.000006,3
0.000037,0.000005,0.999928,0.000005,0.000014,0.000011,2
0.000126,0.000010,0.000036,0.300855,0.698649,0.000323,4
0.000000,0.000000,0.000008,0.999983,0.000004,0.000005,3
0.000001,0.999886,0.000094,0.000001,0.000010,0.000009,1
0.000025,0.999928,0.000029,0.000001,0.000008,0.000009,1
0.000000,0.000000,0.000000,0.000033,0.000001,0.999965,5
0.000074,0.000014,0.000107,0.005102,0.994445,0.000258,4
0.000000,0.000000,0.000001,0.000083,0.000000,0.999915,5
0.000004,0.000005,0.000005,0.998556,0.001378,0.000052,3
0.000000,0.000022,0.999973,0.000001,0.000002,0.000002,2
0.000052,0.000003,0.000138,0.001655,0.998034,0.000118,4
0.000670,0.999318,0.000008,0.000000,0.000001,0.000003,1
0.000002,0.999928,0.000059,0.000001,0.000007,0.000004,1
0.000000,0.000058,0.999936,0.000000,0.000004,0.000002,2
0.998678,0.000041,0.001039,0.000184,0.000016,0.000042,0
0.000000,0.000000,0.000000,0.000048,0.000006,0.999945,5
0.999504,0.000446,0.000013,0.000002,0.000019,0.000016,0
0.998912,0.001062,0.000009,0.000004,0.000007,0.000007,0
0.999828,0.000069,0.000053,0.000008,0.000022,0.000021,0
0.000043,0.000023,0.999895,0.000022,0.000007,0.000009,2
0.000005,0.000000,0.000000,0.999834,0.000151,0.000010,3
0.000014,0.000001,0.000002,0.004620,0.995315,0.000049,4
0.000851,0.002612,0.000186,0.662155,0.331626,0.002570,3
0.000021,0.000019,0.000004,0.000368,0.999434,0.000154,4
0.000000,0.000000,0.000000,0.000036,0.000000,0.999963,5
0.000026,0.999189,0.000431,0.000318,0.000005,0.000031,1
0.000009,0.000001,0.000001,0.998490,0.001475,0.000024,3
0.000002,0.000001,0.000003,0.998596,0.001374,0.000023,3
0.000002,0.000001,0.000001,0.999957,0.000031,0.000008,3
0.000025,0.000018,0.000015,0.998600,0.001128,0.000214,3
0.000000,0.000000,0.000000,0.000000,0.999999,0.000001,4
0.000001,0.000001,0.000000,0.000002,0.999990,0.000007,4
0.999978,0.000002,0.000014,0.000002,0.000002,0.000003,0
0.000010,0.000001,0.000004,0.999931,0.000003,0.000051,3
0.000239,0.000144,0.000112,0.000111,0.998636,0.000757,4
0.999997,0.000000,0.000001,0.000001,0.000001,0.000001,0
0.999942,0.000054,0.000001,0.000000,0.000001,0.000002,0
0.000159,0.999138,0.000126,0.000054,0.000262,0.000262,1
0.000001,0.000002,0.000001,0.000022,0.999966,0.000009,4
0.999995,0.000001,0.000001,0.000001,0.000001,0.000001,0
0.000002,0.000000,0.000002,0.999965,0.000011,0.000020,3
0.999979,0.000005,0.000010,0.000002,0.000002,0.000001,0
0.000005,0.000004,0.999988,0.000000,0.000002,0.000001,2
0.000006,0.000000,0.000002,0.999972,0.000005,0.000015,3
0.999749,0.000165,0.000038,0.000006,0.000019,0.000023,0
0.000011,0.999985,0.000001,0.000000,0.000001,0.000001,1
0.999856,0.000133,0.000001,0.000001,0.000004,0.000005,0
0.000001,0.999900,0.000089,0.000003,0.000004,0.000004,1
0.000000,0.000000,0.000000,0.000007,0.000001,0.999991,5
0.000069,0.999819,0.000059,0.000003,0.000030,0.000021,1
0.000302,0.000806,0.998835,0.000005,0.000031,0.000022,2
0.000003,0.000001,0.000002,0.999974,0.000001,0.000020,3
0.000001,0.000001,0.000024,0.999949,0.000001,0.000024,3
0.000000,0.000000,0.000010,0.999975,0.000007,0.000007,3
0.000007,0.004780,0.995180,0.000008,0.000012,0.000013,2
0.000068,0.000008,0.000034,0.648824,0.350743,0.000322,3
0.000001,0.000001,0.000002,0.999971,0.000003,0.000022,3
0.000000,0.000000,0.000001,0.000334,0.000000,0.999665,5
0.000004,0.000000,0.999995,0.000000,0.000001,0.000000,2
0.002875,0.996718,0.000091,0.000020,0.000180,0.000116,1
0.000013,0.999917,0.000024,0.000005,0.000019,0.000022,1
0.999961,0.000003,0.000001,0.000004,0.000012,0.000019,0
0.000000,0.000000,0.000001,0.000198,0.000000,0.999801,5
0.000001,0.000000,0.000000,0.000016,0.000002,0.999982,5
0.000014,0.999984,0.000001,0.000000,0.000000,0.000001,1
0.000000,0.000000,0.000000,0.000000,0.999999,0.000000,4
0.000002,0.000000,0.000002,0.000006,0.999984,0.000005,4
0.000012,0.000002,0.000005,0.007252,0.992670,0.000059,4
0.000016,0.996612,0.003309,0.000014,0.000023,0.000027,1
0.000000,0.000000,0.000000,0.000005,0.000004,0.999990,5
0.000001,0.000000,0.000000,0.000001,0.999997,0.000001,4
0.000000,0.000000,0.000000,0.000000,0.017670,0.982330,5
0.000000,0.000000,0.000000,0.000058,0.000001,0.999941,5
0.999225,0.000283,0.000407,0.000008,0.000043,0.000034,0
0.000000,0.000000,0.000000,0.000070,0.000000,0.999929,5
0.000114,0.999876,0.000002,0.000001,0.000004,0.000003,1
0.000001,0.000000,0.000000,0.000005,0.999991,0.000003,4
0.000003,0.999975,0.000007,0.000002,0.000004,0.000009,1
0.000000,0.000000,0.000000,0.000068,0.000000,0.999931,5
0.000480,0.999499,0.000002,0.000001,0.000010,0.000008,1
0.000000,0.000000,0.000000,0.000000,0.999998,0.000001,4
0.000005,0.000001,0.000004,0.994457,0.005490,0.000042,3
0.000003,0.000002,0.000001,0.000065,0.999904,0.000025,4
0.000000,0.000000,0.000000,0.000001,0.999997,0.000002,4
0.000041,0.000006,0.000034,0.029112,0.970539,0.000268,4
0.000003,0.000000,0.000001,0.999965,0.000017,0.000014,3
0.000005,0.999994,0.000000,0.000000,0.000000,0.000001,1
0.999933,0.000020,0.000003,0.000019,0.000011,0.000014,0
0.000000,0.000000,0.000001,0.000665,0.000000,0.999334,5
0.000013,0.000003,0.000001,0.000126,0.999816,0.000042,4
0.000031,0.000001,0.000002,0.002138,0.997813,0.000016,4
0.000001,0.000000,0.000000,0.000035,0.999962,0.000003,4
0.000011,0.000004,0.000005,0.001030,0.998866,0.000083,4
0.000002,0.999983,0.000010,0.000001,0.000002,0.000003,1
0.000000,0.000992,0.998992,0.000001,0.000006,0.000008,2
0.000001,0.000002,0.000000,0.000049,0.000002,0.999946,5
0.602953,0.330744,0.056867,0.007478,0.000542,0.001417,0
0.000010,0.999974,0.000006,0.000001,0.000004,0.000006,1
0.000000,0.000003,0.000002,0.000990,0.000004,0.999001,5
0.000197,0.000024,0.999751,0.000004,0.000014,0.000009,2
0.000017,0.000001,0.999980,0.000000,0.000001,0.000001,2
0.000001,0.000001,0.000048,0.999923,0.000007,0.000021,3
0.000001,0.999973,0.000006,0.000001,0.000012,0.000007,1
0.000000,0.000000,0.000000,0.000001,0.999995,0.000003,4
0.000000,0.000000,0.000000,0.000002,0.999996,0.000001,4
0.000297,0.000027,0.000017,0.616120,0.382996,0.000543,3
0.000056,0.000013,0.000018,0.017531,0.982105,0.000277,4
0.995233,0.004602,0.000032,0.000091,0.000014,0.000028,0
0.000000,0.000000,0.000000,0.000058,0.000002,0.999940,5
0.000000,0.000000,0.000000,0.000181,0.000000,0.999818,5
0.000002,0.000002,0.000004,0.000071,0.999900,0.000022,4
0.000000,0.000000,0.000000,0.000000,0.999999,0.000001,4
0.000018,0.000003,0.000003,0.990993,0.008916,0.000066,3
0.000030,0.000003,0.000002,0.002872,0.997024,0.000070,4
0.000001,0.000000,0.000000,0.000081,0.000003,0.999915,5
0.000000,0.000000,0.000000,0.000000,0.999998,0.000001,4
0.999536,0.000155,0.000211,0.000011,0.000045,0.000043,0
0.000088,0.000037,0.000536,0.003390,0.995186,0.000764,4
0.000000,0.000044,0.999953,0.000001,0.000001,0.000001,2
0.000000,0.000000,0.000000,0.000277,0.000000,0.999722,5
0.000001,0.000001,0.000001,0.000008,0.999979,0.000010,4
0.999373,0.000368,0.000186,0.000014,0.000031,0.000029,0
0.000000,0.000000,0.000001,0.000283,0.000000,0.999715,5
0.000011,0.000002,0.999983,0.000001,0.000001,0.000002,2
0.000000,0.000000,0.000001,0.000023,0.000000,0.999976,5
0.000000,0.000000,0.000000,0.000010,0.000003,0.999986,5
0.000005,0.000016,0.999962,0.000003,0.000008,0.000006,2
0.000017,0.000001,0.000002,0.000355,0.999593,0.000032,4
0.999936,0.000058,0.000001,0.000002,0.000001,0.000001,0
0.000260,0.000018,0.000029,0.086908,0.912335,0.000449,4
0.999920,0.000078,0.000001,0.000000,0.000001,0.000001,0
0.000001,0.000000,0.000000,0.000007,0.999988,0.000004,4
0.000000,0.000000,0.000000,0.000025,0.000001,0.999974,5
0.000021,0.999715,0.000014,0.000043,0.000127,0.000081,1
0.000002,0.000002,0.000000,0.000056,0.999926,0.000013,4
0.000072,0.000488,0.999369,0.000004,0.000038,0.000030,2
0.999993,0.000001,0.000003,0.000001,0.000001,0.000001,0
0.000002,0.000000,0.000001,0.000095,0.999893,0.000009,4
0.000000,0.000000,0.000001,0.000378,0.000000,0.999620,5
0.000001,0.000000,0.000000,0.000074,0.999919,0.000006,4
0.000000,0.000000,0.000002,0.000051,0.000001,0.999946,5
0.999986,0.000001,0.000007,0.000002,0.000002,0.000002,0
0.000012,0.999823,0.000150,0.000001,0.000007,0.000007,1
0.000006,0.000010,0.000002,0.000350,0.999601,0.000032,4
0.000099,0.000050,0.999830,0.000001,0.000009,0.000011,2
0.000020,0.000003,0.000002,0.995468,0.004441,0.000065,3
0.000266,0.000037,0.000084,0.086520,0.911822,0.001271,4
0.000000,0.000000,0.000000,0.000057,0.000001,0.999941,5
0.000028,0.000004,0.000005,0.001995,0.997896,0.000072,4
0.000004,0.000001,0.000008,0.999835,0.000129,0.000024,3
0.000086,0.000267,0.000030,0.001072,0.997913,0.000632,4
0.999990,0.000004,0.000001,0.000000,0.000003,0.000002,0
0.000001,0.000000,0.000000,0.000181,0.000001,0.999817,5
0.999994,0.000003,0.000001,0.000001,0.000001,0.000001,0
0.000061,0.000125,0.999778,0.000001,0.000022,0.000013,2
0.000000,0.000000,0.000000,0.000016,0.000006,0.999978,5
0.000000,0.000000,0.000000,0.000004,0.000005,0.999991,5
0.000000,0.000000,0.000000,0.000007,0.000000,0.999992,5
0.000010,0.999987,0.000001,0.000000,0.000001,0.000002,1
0.000003,0.999992,0.000004,0.000000,0.000000,0.000001,1
0.000001,0.000000,0.000000,0.000079,0.000000,0.999919,5
0.000001,0.000000,0.000000,0.000029,0.999965,0.000004,4
0.000004,0.000002,0.000016,0.999881,0.000011,0.000085,3
0.000002,0.999821,0.000113,0.000011,0.000039,0.000015,1
0.000000,0.000000,0.000000,0.000098,0.000000,0.999902,5
0.000007,0.000005,0.000044,0.994630,0.005226,0.000089,3
0.000073,0.999306,0.000545,0.000011,0.000032,0.000033,1
0.000000,0.000000,0.000000,0.000006,0.000573,0.999421,5
0.999417,0.000085,0.000027,0.000013,0.000300,0.000159,0
0.999924,0.000006,0.000026,0.000028,0.000005,0.000011,0
0.000002,0.000001,0.000001,0.999975,0.000003,0.000019,3
0.000069,0.000208,0.999700,0.000002,0.000010,0.000011,2
0.999994,0.000000,0.000001,0.000003,0.000001,0.000001,0
0.000000,0.000000,0.000000,0.000112,0.000000,0.999888,5
0.008568,0.000055,0.991263,0.000017,0.000041,0.000055,2
0.000001,0.000002,0.000001,0.000020,0.999959,0.000016,4
0.000007,0.000004,0.000036,0.999811,0.000010,0.000133,3
0.000000,0.000000,0.999998,0.000000,0.000001,0.000001,2
0.000000,0.999990,0.000004,0.000001,0.000003,0.000002,1
0.999252,0.000106,0.000092,0.000044,0.000207,0.000298,0
0.981290,0.010636,0.007234,0.000082,0.000410,0.000348,0
0.000001,0.000001,0.999996,0.000001,0.000001,0.000001,2
0.000010,0.000001,0.000003,0.999683,0.000261,0.000042,3
0.000001,0.000000,0.000007,0.999983,0.000001,0.000008,3
0.989547,0.004412,0.001406,0.000343,0.002580,0.001712,0
0.000024,0.000005,0.000009,0.002207,0.997633,0.000121,4
0.000033,0.000005,0.000008,0.090731,0.909106,0.000117,4
0.000001,0.999997,0.000000,0.000000,0.000000,0.000001,1
0.999969,0.000011,0.000008,0.000000,0.000008,0.000004,0
0.000159,0.000041,0.000042,0.072220,0.926596,0.000942,4
0.000000,0.001721,0.998278,0.000000,0.000000,0.000001,2
0.009522,0.990157,0.000066,0.000104,0.000052,0.000099,1
0.000000,0.000000,0.000000,0.000497,0.000000,0.999502,5
0.000000,0.999999,0.000000,0.000000,0.000000,0.000000,1
0.000000,0.000000,0.000000,0.999996,0.000000,0.000003,3
0.000000,0.000000,0.000000,0.000408,0.000000,0.999591,5
0.999953,0.000004,0.000012,0.000005,0.000015,0.000011,0
0.000001,0.000967,0.998996,0.000001,0.000022,0.000014,2
0.001709,0.000010,0.998232,0.000020,0.000011,0.000017,2
0.000000,0.000022,0.000028,0.000028,0.000001,0.999921,5
0.000001,0.000000,0.000000,0.999993,0.000003,0.000002,3
0.999821,0.000070,0.000043,0.000039,0.000010,0.000018,0
0.000000,0.000000,0.000000,0.000003,0.999994,0.000003,4
0.000000,0.000000,0.000001,0.000024,0.000000,0.999975,5
0.000011,0.000001,0.000001,0.000851,0.999106,0.000029,4
0.000002,0.000000,0.000000,0.999883,0.000108,0.000005,3
0.000000,0.000000,0.000000,0.000013,0.000001,0.999986,5
0.999554,0.000013,0.000394,0.000008,0.000018,0.000013,0
0.000000,0.999997,0.000001,0.000001,0.000001,0.000001,1
0.000002,0.000002,0.999994,0.000000,0.000001,0.000001,2
0.000003,0.999778,0.000195,0.000002,0.000007,0.000015,1
0.001944,0.000049,0.997599,0.000121,0.000118,0.000169,2
0.000059,0.000030,0.000014,0.034620,0.965072,0.000205,4
0.000044,0.000006,0.000079,0.025575,0.974069,0.000227,4
0.015952,0.983561,0.000063,0.000365,0.000018,0.000041,1
0.000287,0.999634,0.000039,0.000003,0.000010,0.000027,1
0.000275,0.000054,0.000078,0.013799,0.984401,0.001394,4
0.000001,0.000000,0.000000,0.000045,0.999949,0.000004,4
0.000007,0.000001,0.000002,0.000797,0.999170,0.000024,4
0.000020,0.999301,0.000494,0.000016,0.000090,0.000081,1
0.000071,0.000005,0.000013,0.998194,0.001491,0.000225,3
0.000054,0.000002,0.999928,0.000003,0.000006,0.000007,2
0.000070,0.000047,0.000008,0.001290,0.998282,0.000301,4
0.979123,0.020832,0.000001,0.000005,0.000013,0.000026,0
0.000000,0.000000,0.000000,0.000001,0.000019,0.999979,5
0.992601,0.006750,0.000139,0.000052,0.000235,0.000223,0
0.000002,0.000000,0.000000,0.000059,0.999931,0.000007,4
0.000000,0.000000,0.000000,0.000010,0.000001,0.999989,5
0.091344,0.907827,0.000583,0.000193,0.000015,0.000039,1
0.000001,0.000000,0.000000,0.000229,0.000000,0.999770,5
0.000004,0.000000,0.000001,0.000022,0.999963,0.000010,4
0.000017,0.000768,0.999115,0.000004,0.000058,0.000037,2
0.000005,0.000000,0.000000,0.000112,0.999872,0.000010,4
0.000000,0.000000,0.000000,0.000034,0.000000,0.999965,5
0.000001,0.000000,0.000000,0.999402,0.000592,0.000004,3
0.000003,0.000001,0.000001,0.000038,0.999940,0.000017,4
0.999947,0.000003,0.000038,0.000001,0.000006,0.000005,0
0.000070,0.999854,0.000026,0.000006,0.000012,0.000033,1
0.000017,0.000007,0.000007,0.989592,0.010248,0.000129,3
0.000003,0.000006,0.999978,0.000004,0.000005,0.000004,2
0.000064,0.000009,0.000007,0.880644,0.119115,0.000161,3
0.000000,0.000000,0.000000,0.000001,0.999999,0.000000,4
0.000003,0.000000,0.000000,0.000001,0.999991,0.000004,4
0.000017,0.000007,0.000006,0.000705,0.999186,0.000079,4
0.999745,0.000020,0.000193,0.000002,0.000024,0.000016,0
0.999960,0.000001,0.000016,0.000015,0.000002,0.000006,0
0.000001,0.000001,0.000002,0.000016,0.999969,0.000012,4
0.000082,0.999886,0.000009,0.000003,0.000006,0.000013,1
0.000054,0.000003,0.000014,0.902304,0.097512,0.000114,3
0.999995,0.000002,0.000001,0.000001,0.000001,0.000001,0
0.000000,0.999993,0.000004,0.000000,0.000001,0.000001,1
0.000000,0.000000,0.000000,0.000018,0.000002,0.999979,5
0.999993,0.000001,0.000003,0.000000,0.000002,0.000002,0
0.000002,0.999955,0.000014,0.000001,0.000021,0.000006,1
0.999966,0.000032,0.000000,0.000000,0.000001,0.000001,0
0.000000,0.000000,0.000000,0.000009,0.000001,0.999990,5
0.000005,0.000004,0.999984,0.000003,0.000002,0.000002,2
0.000001,0.000000,0.000000,0.000035,0.000001,0.999963,5
0.000007,0.000010,0.000009,0.000471,0.999458,0.000045,4
0.000019,0.000005,0.000004,0.000041,0.999864,0.000067,4
0.000000,0.000000,0.000001,0.000452,0.000000,0.999546,5
0.000002,0.000001,0.000000,0.000052,0.999938,0.000008,4
0.000015,0.000026,0.000007,0.000237,0.999586,0.000128,4
0.999976,0.000021,0.000000,0.000000,0.000002,0.000001,0
0.000239,0.000060,0.000078,0.012072,0.986410,0.001140,4
0.999992,0.000002,0.000002,0.000001,0.000001,0.000002,0
0.000003,0.000001,0.999991,0.000002,0.000001,0.000001,2
0.000021,0.000001,0.000002,0.999927,0.000011,0.000037,3
0.000003,0.000005,0.999988,0.000001,0.000001,0.000002,2
0.000132,0.000077,0.999660,0.000011,0.000069,0.000051,2
0.000001,0.000000,0.000000,0.000005,0.999991,0.000003,4
0.000003,0.000000,0.000000,0.000095,0.999896,0.000005,4
0.000000,0.000000,0.000000,0.000054,0.000000,0.999945,5
0.000000,0.000000,0.000000,0.000013,0.000000,0.999986,5
0.000017,0.000006,0.000010,0.003164,0.996671,0.000132,4
0.000004,0.000005,0.000002,0.000075,0.999886,0.000027,4
0.000033,0.000006,0.000005,0.010353,0.989486,0.000117,4
0.000007,0.000002,0.000002,0.999635,0.000322,0.000032,3
0.999996,0.000001,0.000000,0.000001,0.000001,0.000001,0
0.888763,0.001572,0.108962,0.000391,0.000102,0.000211,0
0.998431,0.000989,0.000239,0.000212,0.000038,0.000090,0
0.000003,0.000001,0.999992,0.000001,0.000002,0.000002,2
0.000000,0.000000,0.000016,0.999970,0.000000,0.000013,3
0.000002,0.000000,0.000004,0.999975,0.000001,0.000018,3
0.000000,0.000000,0.000000,0.000003,0.000047,0.999949,5
0.000041,0.000034,0.000068,0.005334,0.994030,0.000493,4
0.000000,0.000000,0.000000,0.000007,0.000002,0.999991,5
0.000004,0.000001,0.000003,0.999662,0.000306,0.000024,3
0.000026,0.000006,0.000125,0.988862,0.010804,0.000177,3
0.000055,0.000001,0.000002,0.997703,0.002212,0.000026,3
0.000011,0.000003,0.000004,0.999855,0.000052,0.000074,3
0.000117,0.999741,0.000068,0.000005,0.000032,0.000037,1
0.000004,0.000001,0.000001,0.997963,0.002019,0.000012,3
0.000001,0.000001,0.000022,0.999959,0.000001,0.000017,3
0.000001,0.000000,0.000000,0.000187,0.000000,0.999812,5
0.000001,0.999383,0.000559,0.000005,0.000023,0.000029,1
0.000001,0.000001,0.000000,0.000002,0.999992,0.000005,4
0.983463,0.000461,0.015626,0.000016,0.000218,0.000216,0
0.000001,0.000022,0.999973,0.000000,0.000003,0.000002,2
0.000003,0.000000,0.999995,0.000000,0.000000,0.000000,2
0.000011,0.000002,0.000006,0.000601,0.999338,0.000043,4
0.000035,0.000137,0.999805,0.000003,0.000009,0.000011,2
0.999997,0.000001,0.000001,0.000000,0.000000,0.000001,0
0.000002,0.000006,0.000001,0.000028,0.999938,0.000025,4
0.000017,0.000004,0.000015,0.999790,0.000039,0.000135,3
0.000003,0.000007,0.000136,0.999732,0.000015,0.000108,3
0.000001,0.000001,0.999997,0.000000,0.000001,0.000000,2
0.000016,0.000002,0.999971,0.000008,0.000001,0.000002,2
0.000020,0.999867,0.000013,0.000004,0.000061,0.000035,1
0.000000,0.000000,0.000000,0.000072,0.000000,0.999927,5
0.000000,0.000000,0.000001,0.000817,0.000000,0.999182,5
0.999978,0.000002,0.000002,0.000001,0.000013,0.000003,0
0.000001,0.000000,0.000000,0.000126,0.000000,0.999873,5
0.000027,0.000034,0.000012,0.000788,0.998944,0.000193,4
0.000000,0.999961,0.000029,0.000000,0.000005,0.000003,1
0.000277,0.995485,0.002780,0.000110,0.000669,0.000678,1
0.000050,0.000013,0.000005,0.002472,0.997285,0.000174,4
0.000000,0.000000,0.000001,0.999994,0.000000,0.000005,3
0.000275,0.000013,0.999691,0.000002,0.000012,0.000006,2
0.000000,0.000001,0.000001,0.000012,0.000054,0.999932,5
0.000153,0.000025,0.000087,0.998806,0.000109,0.000820,3
0.000002,0.000001,0.000001,0.999197,0.000790,0.000009,3
0.000009,0.000002,0.999987,0.000000,0.000001,0.000001,2
0.000000,0.000000,0.000000,0.000029,0.000001,0.999970,5
0.000008,0.000001,0.000001,0.007065,0.992904,0.000022,4
0.999999,0.000000,0.000000,0.000000,0.000000,0.000000,0
0.000000,0.000000,0.000000,0.000080,0.000001,0.999918,5
0.000006,0.000001,0.000006,0.998980,0.000974,0.000032,3
0.999993,0.000001,0.000004,0.000000,0.000001,0.000001,0
0.000129,0.000062,0.000845,0.993487,0.003635,0.001842,3
0.000005,0.000007,0.999985,0.000001,0.000001,0.000001,2
0.000000,0.000000,0.000000,0.000000,0.001404,0.998596,5
0.000000,0.999985,0.000008,0.000002,0.000002,0.000003,1
0.000000,0.000000,0.000001,0.000034,0.000000,0.999965,5
0.000363,0.000127,0.000822,0.946175,0.049042,0.003471,3
0.000008,0.000000,0.999989,0.000000,0.000001,0.000001,2
0.000004,0.999906,0.000040,0.000010,0.000021,0.000019,1
0.998307,0.000008,0.001655,0.000018,0.000006,0.000008,0
0.993276,0.005780,0.000075,0.000043,0.000482,0.000343,0
0.000002,0.001224,0.998751,0.000008,0.000006,0.000009,2
0.000001,0.999904,0.000059,0.000027,0.000003,0.000005,1
0.000003,0.000000,0.000000,0.000001,0.999990,0.000006,4
0.000001,0.000000,0.000000,0.000056,0.000000,0.999943,5
0.000007,0.000147,0.999834,0.000001,0.000004,0.000007,2
0.000002,0.000000,0.000000,0.000064,0.999927,0.000006,4
0.000000,0.999992,0.000002,0.000001,0.000003,0.000003,1
0.000019,0.999976,0.000002,0.000000,0.000002,0.000001,1
0.000000,0.000000,0.000000,0.000006,0.999992,0.000001,4
0.000002,0.000001,0.000000,0.000121,0.999868,0.000008,4
0.000003,0.000019,0.999970,0.000002,0.000003,0.000003,2
0.998114,0.000702,0.000465,0.000034,0.000455,0.000230,0
0.000030,0.998780,0.000840,0.000010,0.000221,0.000119,1
0.000000,0.000000,0.000000,0.000096,0.000001,0.999903,5
0.000000,0.000001,0.000007,0.000011,0.000001,0.999980,5
0.000000,0.000000,0.000000,0.000053,0.000000,0.999946,5
0.000000,0.999998,0.000001,0.000000,0.000001,0.000001,1
0.000000,0.000000,0.000001,0.000068,0.000000,0.999932,5
0.000000,0.000000,0.000000,0.000055,0.000003,0.999941,5
0.000334,0.000107,0.999522,0.000003,0.000015,0.000018,2
0.000024,0.000001,0.000051,0.000046,0.999823,0.000054,4
0.000001,0.999998,0.000000,0.000000,0.000000,0.000000,1
0.000231,0.000045,0.000440,0.990567,0.007642,0.001077,3
0.000036,0.000014,0.000037,0.000159,0.999586,0.000168,4
0.000001,0.000001,0.999997,0.000000,0.000001,0.000000,2
0.000000,0.000000,0.000000,0.000065,0.000002,0.999932,5
0.000014,0.000004,0.000015,0.000647,0.999230,0.000091,4
0.000017,0.000001,0.000001,0.000499,0.999458,0.000024,4
0.000003,0.000001,0.999994,0.000000,0.000001,0.000001,2
0.000000,0.000001,0.000003,0.000182,0.000001,0.999813,5
0.000000,0.000000,0.000000,0.000087,0.000000,0.999912,5
0.983576,0.014424,0.001571,0.000050,0.000202,0.000175,0
0.000083,0.000002,0.999897,0.000006,0.000007,0.000005,2
0.999934,0.000019,0.000003,0.000001,0.000027,0.000016,0
0.000010,0.000002,0.000004,0.998130,0.001812,0.000042,3
0.000011,0.998865,0.000395,0.000065,0.000354,0.000310,1
0.000009,0.000001,0.000006,0.000511,0.999438,0.000036,4
0.000004,0.000087,0.999901,0.000000,0.000005,0.000003,2
0.000002,0.999991,0.000003,0.000000,0.000002,0.000002,1
0.999806,0.000119,0.000063,0.000001,0.000005,0.000006,0
0.000000,0.000000,0.000001,0.000170,0.000001,0.999828,5
0.000004,0.000005,0.000001,0.000035,0.999932,0.000024,4
0.000043,0.000040,0.000005,0.006066,0.993662,0.000184,4
0.999930,0.000066,0.000000,0.000001,0.000001,0.000001,0
0.999987,0.000001,0.000007,0.000001,0.000002,0.000002,0
0.999816,0.000140,0.000012,0.000016,0.000007,0.000008,0
0.999833,0.000052,0.000005,0.000005,0.000061,0.000044,0
0.000001,0.000000,0.000003,0.999983,0.000008,0.000005,3
0.000018,0.000004,0.000015,0.992673,0.007184,0.000107,3
0.000001,0.000000,0.000000,0.000019,0.000014,0.999965,5
0.000699,0.999220,0.000018,0.000003,0.000031,0.000030,1
0.000005,0.999958,0.000007,0.000007,0.000007,0.000015,1
0.000002,0.999837,0.000069,0.000004,0.000055,0.000033,1
0.000030,0.000002,0.000002,0.000371,0.999533,0.000061,4
0.999899,0.000013,0.000049,0.000027,0.000004,0.000008,0
0.999267,0.000512,0.000026,0.000013,0.000063,0.000119,0
0.000080,0.999585,0.000049,0.000122,0.000114,0.000050,1
0.000000,0.999991,0.000003,0.000001,0.000001,0.000003,1
0.000001,0.000000,0.000006,0.999981,0.000001,0.000011,3
0.000022,0.000003,0.000003,0.999884,0.000011,0.000078,3
0.000000,0.000000,0.000000,0.000222,0.000001,0.999776,5
0.000000,0.000000,0.000001,0.000004,0.000063,0.999932,5
0.000020,0.999507,0.000412,0.000003,0.000031,0.000028,1
0.000000,0.000000,0.000001,0.000053,0.000001,0.999945,5
0.999998,0.000000,0.000000,0.000000,0.000001,0.000000,0
0.000000,0.000000,0.000000,0.000006,0.000010,0.999984,5
0.000004,0.000000,0.999994,0.000000,0.000001,0.000001,2
0.999878,0.000080,0.000010,0.000002,0.000014,0.000016,0
0.000000,0.000000,0.000000,0.000034,0.000000,0.999965,5
0.000001,0.000002,0.999996,0.000000,0.000001,0.000001,2
0.000078,0.995845,0.003596,0.000020,0.000277,0.000183,1
0.999872,0.000117,0.000007,0.000000,0.000002,0.000002,0
0.000001,0.000006,0.999990,0.000000,0.000001,0.000001,2
0.000002,0.000000,0.000001,0.999993,0.000001,0.000003,3
0.999022,0.000915,0.000030,0.000015,0.000008,0.000010,0
0.000000,0.000000,0.000000,0.000271,0.000000,0.999728,5
0.000011,0.000002,0.000005,0.001280,0.998658,0.000044,4
0.000007,0.000001,0.000000,0.000712,0.999256,0.000024,4
0.000001,0.000000,0.000000,0.000017,0.999977,0.000005,4
0.000018,0.000010,0.000004,0.999619,0.000225,0.000124,3
0.000028,0.000082,0.999882,0.000000,0.000003,0.000005,2
0.000016,0.000001,0.000002,0.998753,0.001187,0.000041,3
0.000069,0.000009,0.000012,0.022593,0.977117,0.000200,4
0.000001,0.999904,0.000078,0.000000,0.000012,0.000005,1
0.000000,0.000000,0.000001,0.000358,0.000000,0.999641,5
0.000070,0.000004,0.999887,0.000004,0.000021,0.000014,2
0.000003,0.000000,0.000001,0.000003,0.999987,0.000006,4
0.000011,0.000001,0.000006,0.999844,0.000113,0.000026,3
0.999990,0.000004,0.000000,0.000000,0.000003,0.000002,0
0.000007,0.000001,0.000000,0.999971,0.000001,0.000019,3
0.000001,0.000000,0.000000,0.000066,0.000006,0.999927,5
0.000000,0.000000,0.000000,0.000064,0.000000,0.999935,5
0.000002,0.999994,0.000001,0.000001,0.000001,0.000001,1
0.000015,0.000008,0.999974,0.000000,0.000002,0.000001,2
0.000000,0.000000,0.000000,0.000125,0.000000,0.999875,5
0.000000,0.000000,0.000000,0.000054,0.000000,0.999945,5
0.000000,0.000000,0.000001,0.000317,0.000001,0.999681,5
0.000043,0.000002,0.000016,0.999766,0.000072,0.000101,3
0.000005,0.000001,0.000001,0.000073,0.999897,0.000023,4
0.000002,0.000005,0.000068,0.999731,0.000126,0.000068,3
0.000005,0.000002,0.000004,0.995156,0.004813,0.000019,3
0.000001,0.024491,0.975473,0.000012,0.000011,0.000011,2
0.000000,0.000000,0.000000,0.000001,0.999995,0.000003,4
0.999988,0.000010,0.000000,0.000000,0.000001,0.000001,0
0.998696,0.001215,0.000014,0.000019,0.000026,0.000030,0
0.000000,0.999987,0.000005,0.000001,0.000003,0.000003,1
0.000026,0.999867,0.000003,0.000010,0.000051,0.000042,1
0.000002,0.000001,0.000021,0.999954,0.000002,0.000021,3
0.000000,0.999999,0.000000,0.000000,0.000000,0.000000,1
0.999992,0.000000,0.000001,0.000004,0.000001,0.000001,0
0.000000,0.000000,0.000000,0.000202,0.000000,0.999798,5
0.001350,0.998354,0.000136,0.000014,0.000086,0.000060,1
0.000003,0.000009,0.999981,0.000000,0.000004,0.000002,2
0.000003,0.000000,0.000000,0.999989,0.000001,0.000007,3
0.999976,0.000002,0.000010,0.000003,0.000002,0.000007,0
0.000003,0.000002,0.999992,0.000000,0.000001,0.000001,2
0.999979,0.000013,0.000001,0.000000,0.000004,0.000002,0
0.000002,0.999993,0.000002,0.000000,0.000001,0.000002,1
0.000001,0.000000,0.000000,0.000000,0.999998,0.000001,4
0.000000,0.000000,0.000001,0.000221,0.000000,0.999778,5
0.000049,0.000123,0.999815,0.000000,0.000007,0.000006,2
0.000001,0.000000,0.000000,0.000016,0.000002,0.999981,5
0.000019,0.000068,0.999893,0.000001,0.000011,0.000008,2
0.000001,0.999989,0.000001,0.000002,0.000003,0.000004,1
0.000000,0.000000,0.000000,0.000010,0.000000,0.999989,5
0.999841,0.000095,0.000006,0.000026,0.000013,0.000019,0
0.976890,0.016122,0.000852,0.000242,0.003487,0.002406,0
0.000002,0.000001,0.000002,0.000239,0.999734,0.000023,4
0.000015,0.000020,0.999936,0.000001,0.000019,0.000009,2
0.000000,0.999909,0.000086,0.000001,0.000001,0.000003,1
0.000016,0.000002,0.000002,0.999859,0.000062,0.000059,3
0.000000,0.000000,0.000001,0.999991,0.000000,0.000007,3
0.000005,0.000001,0.000002,0.000198,0.999773,0.000021,4
0.000000,0.000000,0.000000,0.000016,0.000023,0.999961,5
0.000019,0.000002,0.000011,0.000376,0.999506,0.000086,4
0.006819,0.745624,0.246226,0.000074,0.000678,0.000579,1
0.001728,0.000099,0.997490,0.000077,0.000341,0.000266,2
0.999946,0.000005,0.000029,0.000006,0.000008,0.000006,0
0.000000,0.000000,0.000000,0.000119,0.000001,0.999880,5
0.000002,0.000000,0.000000,0.000003,0.999993,0.000002,4
0.000001,0.000001,0.000000,0.000003,0.999990,0.000005,4
0.974763,0.000238,0.024719,0.000040,0.000124,0.000116,0
0.000001,0.000000,0.000001,0.000002,0.001129,0.998868,5
0.000001,0.000000,0.000000,0.999989,0.000001,0.000008,3
0.000001,0.000000,0.000000,0.000105,0.000001,0.999893,5
0.000068,0.000206,0.000113,0.913125,0.085657,0.000831,3
0.000002,0.000000,0.000005,0.000073,0.999910,0.000010,4
0.000001,0.000000,0.000002,0.999966,0.000026,0.000005,3
0.977833,0.000529,0.021457,0.000009,0.000084,0.000088,0
0.000000,0.000000,0.000001,0.000283,0.000000,0.999716,5
0.000101,0.999405,0.000182,0.000076,0.000128,0.000108,1
0.000068,0.994401,0.005372,0.000060,0.000049,0.000049,1
0.000015,0.000021,0.999944,0.000017,0.000001,0.000002,2
0.000005,0.000001,0.000002,0.999779,0.000198,0.000016,3
0.999331,0.000013,0.000643,0.000002,0.000006,0.000006,0
0.000014,0.000015,0.000138,0.995675,0.003996,0.000162,3
0.000010,0.999907,0.000033,0.000009,0.000012,0.000028,1
0.999959,0.000002,0.000032,0.000001,0.000004,0.000002,0
0.000011,0.000010,0.999970,0.000004,0.000002,0.000003,2
0.000010,0.999967,0.000007,0.000003,0.000005,0.000008,1
0.000001,0.000000,0.000006,0.999969,0.000017,0.000007,3
0.000001,0.999996,0.000001,0.000001,0.000000,0.000001,1
0.000002,0.000017,0.999976,0.000000,0.000002,0.000002,2
0.000031,0.000152,0.999767,0.000001,0.000032,0.000017,2
0.999996,0.000000,0.000000,0.000000,0.000002,0.000001,0
0.000014,0.999974,0.000003,0.000000,0.000006,0.000003,1
0.000002,0.000000,0.000001,0.999985,0.000001,0.000011,3
0.000000,0.000002,0.999996,0.000002,0.000000,0.000001,2
0.000006,0.000001,0.000003,0.000239,0.999725,0.000027,4
0.000000,0.000000,0.000000,0.000203,0.000000,0.999796,5
0.000010,0.000001,0.000024,0.003775,0.996140,0.000050,4
0.000000,0.000000,0.000001,0.000214,0.000000,0.999785,5
0.000005,0.000001,0.000002,0.000022,0.999957,0.000013,4
0.000030,0.000014,0.000010,0.122891,0.876919,0.000136,4
0.000000,0.999962,0.000018,0.000000,0.000017,0.000003,1
0.000125,0.999573,0.000132,0.000052,0.000040,0.000079,1
0.000002,0.999905,0.000050,0.000010,0.000022,0.000011,1
0.000000,0.000000,0.000001,0.000160,0.000000,0.999839,5
0.000120,0.000351,0.999407,0.000021,0.000054,0.000048,2
0.000001,0.000001,0.000005,0.999969,0.000002,0.000022,3
0.000000,0.000001,0.000000,0.000030,0.999965,0.000004,4
0.000003,0.000003,0.000002,0.999019,0.000944,0.000030,3
0.000001,0.999062,0.000923,0.000002,0.000006,0.000006,1
0.000345,0.999285,0.000289,0.000003,0.000049,0.000029,1
0.000000,0.000000,0.000002,0.000015,0.000003,0.999980,5
0.323017,0.002086,0.674358,0.000030,0.000241,0.000269,2
0.000015,0.000024,0.000025,0.933321,0.066370,0.000245,3
0.000012,0.000008,0.000077,0.999723,0.000029,0.000151,3
0.000058,0.000005,0.000011,0.837902,0.161838,0.000186,3
0.000000,0.000000,0.000000,0.000033,0.000001,0.999966,5
0.000002,0.000000,0.000002,0.000033,0.999950,0.000012,4
0.000000,0.000000,0.000000,0.000348,0.000000,0.999651,5
0.000004,0.000001,0.000009,0.096361,0.903602,0.000024,4
0.000002,0.999992,0.000001,0.000002,0.000002,0.000002,1
0.000002,0.000000,0.000001,0.000005,0.999985,0.000007,4
0.000006,0.000001,0.000001,0.000084,0.999882,0.000025,4
0.000000,0.000000,0.000000,0.000146,0.000000,0.999853,5
0.000030,0.000147,0.999803,0.000001,0.000009,0.000010,2
0.999976,0.000002,0.000016,0.000001,0.000003,0.000002,0
0.000001,0.000000,0.000011,0.999978,0.000000,0.000010,3
0.000013,0.000001,0.999983,0.000001,0.000001,0.000002,2
0.000001,0.000145,0.999847,0.000001,0.000003,0.000004,2
0.000001,0.999997,0.000000,0.000000,0.000001,0.000001,1
0.000000,0.000000,0.000000,0.000028,0.000000,0.999971,5
0.000019,0.000014,0.000004,0.005546,0.994348,0.000069,4
0.000000,0.000000,0.000000,0.000018,0.000013,0.999969,5
0.000031,0.000005,0.000006,0.018254,0.981604,0.000100,4
0.999603,0.000387,0.000002,0.000001,0.000004,0.000003,0
0.000002,0.021249,0.978661,0.000004,0.000052,0.000032,2
0.000628,0.000118,0.999205,0.000006,0.000017,0.000027,2
0.999677,0.000085,0.000060,0.000015,0.000060,0.000103,0
0.000018,0.000003,0.000019,0.000304,0.999550,0.000107,4
0.000000,0.000000,0.000001,0.000009,0.000000,0.999990,5
0.000000,0.000000,0.000000,0.000008,0.000002,0.999990,5
0.000001,0.000000,0.000001,0.999985,0.000001,0.000011,3
0.000002,0.000001,0.000002,0.999972,0.000002,0.000022,3
0.000002,0.000002,0.000021,0.999914,0.000012,0.000049,3
0.000002,0.000001,0.000000,0.995747,0.004240,0.000009,3
0.000427,0.999536,0.000001,0.000003,0.000019,0.000015,1
0.000000,0.000000,0.000000,0.000240,0.000000,0.999759,5
0.000042,0.000005,0.000015,0.999786,0.000009,0.000143,3
0.000050,0.000006,0.000004,0.000508,0.999326,0.000106,4
0.000000,0.000111,0.999882,0.000000,0.000003,0.000003,2
0.000000,0.000000,0.000000,0.001070,0.000000,0.998929,5
0.000000,0.000000,0.000000,0.000148,0.000000,0.999852,5
0.000008,0.000001,0.000002,0.000337,0.999622,0.000031,4
0.000000,0.999805,0.000194,0.000000,0.000001,0.000001,1
0.000006,0.000009,0.000015,0.000011,0.999890,0.000069,4
0.999905,0.000053,0.000023,0.000004,0.000008,0.000007,0
0.000001,0.000001,0.999996,0.000001,0.000001,0.000001,2
0.294295,0.000296,0.704637,0.000044,0.000414,0.000314,2
0.001789,0.996603,0.000414,0.000418,0.000233,0.000542,1
0.000000,0.000000,0.000000,0.000027,0.000004,0.999968,5
0.999653,0.000016,0.000281,0.000002,0.000032,0.000016,0
0.000000,0.999986,0.000008,0.000000,0.000002,0.000003,1
0.000087,0.000007,0.000039,0.997540,0.002091,0.000237,3
0.000004,0.000001,0.000010,0.999933,0.000014,0.000037,3
0.000000,0.000000,0.000000,0.000170,0.000000,0.999830,5
0.000000,0.000000,0.000000,0.000008,0.000000,0.999992,5
0.000058,0.000018,0.000012,0.198983,0.800722,0.000207,4
0.000028,0.000005,0.000011,0.001118,0.998738,0.000099,4
0.000001,0.000000,0.000000,0.000005,0.999990,0.000004,4
0.999989,0.000001,0.000002,0.000001,0.000004,0.000003,0
0.000004,0.000002,0.000002,0.999949,0.000005,0.000039,3
0.999942,0.000003,0.000036,0.000008,0.000005,0.000006,0
0.000002,0.000000,0.000000,0.000015,0.999973,0.000009,4
0.000034,0.000043,0.000013,0.000552,0.999163,0.000194,4
0.998988,0.000002,0.000983,0.000012,0.000007,0.000007,0
0.000039,0.000131,0.000077,0.002890,0.996479,0.000383,4
0.000000,0.000000,0.000000,0.000051,0.000000,0.999948,5
0.000008,0.000002,0.000001,0.002348,0.997598,0.000043,4
0.999995,0.000001,0.000002,0.000000,0.000001,0.000001,0
0.999862,0.000136,0.000000,0.000000,0.000001,0.000002,0
0.998871,0.000465,0.000352,0.000033,0.000152,0.000128,0
0.000007,0.000019,0.000002,0.000246,0.999659,0.000067,4
0.000000,0.000000,0.000000,0.000430,0.000001,0.999569,5
0.000033,0.000009,0.000042,0.999526,0.000105,0.000286,3
0.053671,0.001437,0.000534,0.010588,0.919672,0.014099,4
0.000008,0.000001,0.999988,0.000001,0.000001,0.000001,2
0.000001,0.000000,0.000000,0.000020,0.999972,0.000006,4
0.000015,0.000003,0.000168,0.999522,0.000166,0.000126,3
0.000000,0.000000,0.000000,0.000001,0.999997,0.000001,4
0.000000,0.000000,0.000000,0.000001,0.999997,0.000001,4
0.000009,0.000003,0.000004,0.998811,0.001110,0.000063,3
0.000031,0.999955,0.000010,0.000001,0.000001,0.000002,1
0.000003,0.000001,0.000001,0.001359,0.998624,0.000012,4
0.000015,0.000001,0.000006,0.999929,0.000007,0.000042,3
0.000001,0.999998,0.000000,0.000000,0.000000,0.000001,1
0.999992,0.000000,0.000001,0.000000,0.000004,0.000003,0
0.000000,0.000000,0.000000,0.000063,0.000001,0.999936,5
0.000435,0.001012,0.000191,0.010818,0.986240,0.001306,4
0.000024,0.000002,0.999949,0.000014,0.000005,0.000007,2
0.000000,0.000000,0.000002,0.000007,0.000065,0.999926,5
0.000001,0.999941,0.000028,0.000004,0.000014,0.000012,1
0.000036,0.000003,0.000003,0.001032,0.998844,0.000081,4
0.001188,0.998648,0.000159,0.000001,0.000001,0.000003,1
0.000001,0.000001,0.000017,0.999954,0.000009,0.000019,3
0.000015,0.999805,0.000039,0.000024,0.000074,0.000043,1
0.000000,0.000000,0.000002,0.000132,0.000001,0.999865,5
0.000160,0.000017,0.000010,0.022637,0.976865,0.000311,4
0.000000,0.000000,0.000000,0.000199,0.000000,0.999800,5
0.000005,0.000001,0.000005,0.000105,0.999862,0.000023,4
0.999994,0.000002,0.000002,0.000000,0.000001,0.000001,0
0.000000,0.000000,0.000000,0.000081,0.000000,0.999918,5
0.000004,0.000002,0.000022,0.999905,0.000002,0.000064,3
0.000001,0.000000,0.000000,0.000017,0.999977,0.000005,4
0.000000,0.000018,0.000000,0.001587,0.000001,0.998394,5
0.000024,0.000003,0.000005,0.011709,0.988176,0.000082,4
0.999983,0.000005,0.000002,0.000002,0.000005,0.000004,0
0.000004,0.000001,0.000001,0.001616,0.998348,0.000029,4
0.000000,0.000000,0.000000,0.000002,0.999994,0.000002,4
0.999997,0.000000,0.000001,0.000000,0.000001,0.000001,0
0.000001,0.000000,0.000000,0.000181,0.000000,0.999817,5
0.000001,0.000000,0.000011,0.999963,0.000012,0.000013,3
0.000003,0.000000,0.000001,0.999934,0.000044,0.000018,3
0.000027,0.000004,0.000003,0.999849,0.000026,0.000091,3
0.000000,0.000000,0.000001,0.000201,0.000000,0.999798,5
0.000000,0.000001,0.000000,0.000007,0.001252,0.998739,5
0.000004,0.999920,0.000035,0.000002,0.000021,0.000018,1
0.000001,0.999968,0.000018,0.000001,0.000006,0.000006,1
0.000629,0.000119,0.999221,0.000002,0.000010,0.000019,2
0.999770,0.000114,0.000006,0.000006,0.000069,0.000034,0
0.000014,0.000081,0.999882,0.000001,0.000015,0.000007,2
0.000047,0.000004,0.000003,0.018187,0.981684,0.000076,4
0.000000,0.000000,0.000000,0.000043,0.000000,0.999956,5
0.000000,0.000000,0.000000,0.000042,0.000000,0.999957,5
0.000002,0.000000,0.000000,0.999989,0.000004,0.000004,3
0.000077,0.000308,0.999527,0.000044,0.000021,0.000023,2
0.999993,0.000004,0.000000,0.000001,0.000001,0.000001,0
0.000013,0.999980,0.000004,0.000001,0.000001,0.000002,1
0.000001,0.000000,0.000000,0.000056,0.000001,0.999942,5
0.000000,0.000001,0.000001,0.000023,0.000013,0.999962,5
0.001225,0.061572,0.936057,0.000300,0.000251,0.000594,2
0.000046,0.999925,0.000001,0.000001,0.000018,0.000009,1
0.000000,0.000000,0.000000,0.000137,0.000000,0.999862,5
0.000005,0.999986,0.000001,0.000001,0.000004,0.000004,1
0.000001,0.000000,0.000000,0.000002,0.999995,0.000003,4
0.000000,0.000000,0.000000,0.000311,0.000000,0.999688,5
0.000115,0.000040,0.999829,0.000002,0.000005,0.000009,2
0.000005,0.000000,0.000003,0.999962,0.000008,0.000021,3
0.000032,0.000000,0.999963,0.000002,0.000002,0.000001,2
0.000000,0.000000,0.000000,0.000154,0.000000,0.999846,5
0.000002,0.000001,0.000001,0.000036,0.999954,0.000007,4
0.000000,0.000000,0.000000,0.000088,0.000001,0.999911,5
0.000000,0.000000,0.000000,0.000151,0.000000,0.999848,5
0.000001,0.011612,0.988354,0.000001,0.000020,0.000012,2
0.000003,0.001094,0.998856,0.000006,0.000021,0.000021,2
0.000006,0.999928,0.000004,0.000024,0.000023,0.000015,1
0.000013,0.000001,0.000013,0.999687,0.000235,0.000051,3
0.000007,0.000001,0.000015,0.001749,0.998199,0.000029,4
0.000004,0.000002,0.000002,0.000256,0.999696,0.000040,4
0.000001,0.000000,0.999997,0.000000,0.000001,0.000001,2
0.000001,0.000000,0.000000,0.999993,0.000003,0.000003,3
0.000001,0.000000,0.000000,0.000266,0.000000,0.999733,5
0.000002,0.000001,0.000002,0.999937,0.000050,0.000008,3
0.000001,0.000000,0.000001,0.999984,0.000004,0.000010,3
0.000160,0.000007,0.000088,0.625204,0.374182,0.000360,3
0.999976,0.000006,0.000002,0.000001,0.000008,0.000007,0
0.000000,0.000000,0.000000,0.000044,0.000000,0.999955,5
0.001323,0.998294,0.000203,0.000006,0.000105,0.000068,1
0.000000,0.000000,0.000000,0.000123,0.000000,0.999876,5
0.003063,0.996425,0.000140,0.000048,0.000125,0.000199,1
0.000012,0.000030,0.000015,0.003459,0.996306,0.000177,4
0.000000,0.000000,0.000000,0.000020,0.000001,0.999978,5
0.000000,0.000000,0.000001,0.000475,0.000001,0.999524,5
0.000004,0.999953,0.000035,0.000001,0.000003,0.000004,1
0.000001,0.000000,0.000000,0.000022,0.000001,0.999975,5
0.058426,0.926582,0.008591,0.000861,0.002553,0.002988,1
0.999989,0.000006,0.000000,0.000000,0.000002,0.000002,0
0.000287,0.000001,0.999705,0.000002,0.000003,0.000003,2
0.000013,0.000007,0.000058,0.001450,0.998320,0.000152,4
0.000001,0.000000,0.000000,0.999971,0.000022,0.000005,3
0.000010,0.000001,0.999986,0.000001,0.000002,0.000001,2
0.000039,0.000024,0.000006,0.013273,0.986494,0.000164,4
0.000000,0.000035,0.000000,0.000160,0.000005,0.999800,5
0.000000,0.000000,0.000000,0.000102,0.000000,0.999898,5
0.000005,0.000001,0.000004,0.999897,0.000067,0.000026,3
0.000002,0.000002,0.999993,0.000001,0.000001,0.000001,2
0.999209,0.000778,0.000001,0.000002,0.000003,0.000007,0
0.000001,0.000000,0.000000,0.000010,0.000008,0.999981,5
0.000003,0.999992,0.000000,0.000000,0.000002,0.000003,1
0.000017,0.000023,0.000007,0.998299,0.001542,0.000111,3
0.000000,0.000000,0.000000,0.000007,0.000000,0.999992,5
0.000182,0.000017,0.000009,0.022206,0.977347,0.000239,4
0.000011,0.000001,0.000017,0.014730,0.985185,0.000056,4
0.991646,0.007563,0.000277,0.000054,0.000212,0.000248,0
0.000007,0.000002,0.000007,0.989916,0.010032,0.000037,3
0.999178,0.000676,0.000042,0.000053,0.000020,0.000030,0
0.000047,0.000002,0.999940,0.000002,0.000004,0.000005,2
0.002211,0.997324,0.000272,0.000057,0.000077,0.000058,1
0.000045,0.999793,0.000137,0.000002,0.000016,0.000007,1
0.000000,0.000000,0.000003,0.000061,0.000004,0.999932,5
0.000000,0.000000,0.000000,0.000244,0.000000,0.999755,5
0.999979,0.000010,0.000006,0.000001,0.000002,0.000002,0
0.000001,0.000001,0.000000,0.000005,0.999985,0.000007,4
0.000000,0.000000,0.000000,0.000010,0.000051,0.999939,5
0.000080,0.000012,0.000015,0.023421,0.976244,0.000228,4
0.000021,0.000004,0.000011,0.999289,0.000580,0.000094,3
0.000006,0.000001,0.000001,0.000016,0.999953,0.000023,4
0.999970,0.000012,0.000002,0.000001,0.000005,0.000008,0
0.000001,0.000000,0.000000,0.000112,0.000000,0.999887,5
0.000007,0.000001,0.000003,0.000185,0.999790,0.000015,4
0.000011,0.000003,0.000002,0.986701,0.013251,0.000033,3
0.000000,0.000044,0.999954,0.000000,0.000001,0.000001,2
0.000000,0.000000,0.000000,0.000034,0.000000,0.999965,5
0.000002,0.999697,0.000224,0.000006,0.000042,0.000029,1
0.000003,0.999966,0.000003,0.000005,0.000015,0.000008,1
0.000002,0.000000,0.000002,0.999971,0.000014,0.000011,3
0.000007,0.000002,0.000008,0.999911,0.000014,0.000057,3
0.999696,0.000059,0.000221,0.000013,0.000005,0.000007,0
0.000012,0.000001,0.000002,0.039366,0.960574,0.000045,4
0.999925,0.000065,0.000002,0.000001,0.000005,0.000003,0
0.000005,0.000002,0.000001,0.000002,0.999967,0.000024,4
0.000003,0.000000,0.000000,0.999983,0.000007,0.000006,3
0.999940,0.000011,0.000029,0.000006,0.000005,0.000008,0
0.000002,0.000002,0.999994,0.000001,0.000001,0.000001,2
0.999622,0.000005,0.000365,0.000000,0.000005,0.000003,0
0.000005,0.000002,0.000007,0.999882,0.000027,0.000077,3
0.000003,0.000005,0.000071,0.999840,0.000005,0.000077,3
0.000059,0.999884,0.000022,0.000002,0.000015,0.000018,1
0.000667,0.999139,0.000081,0.000003,0.000078,0.000032,1
0.999998,0.000000,0.000001,0.000000,0.000001,0.000000,0
0.000765,0.999022,0.000058,0.000111,0.000007,0.000037,1
0.000003,0.000001,0.000004,0.999966,0.000001,0.000025,3
0.999985,0.000013,0.000000,0.000000,0.000000,0.000001,0
0.999862,0.000026,0.000049,0.000020,0.000016,0.000028,0
0.000006,0.000007,0.999976,0.000002,0.000004,0.000005,2
0.000001,0.000000,0.000000,0.000045,0.999949,0.000004,4
0.000059,0.000063,0.000020,0.977372,0.022098,0.000388,3
0.000036,0.000003,0.000003,0.002603,0.997274,0.000080,4
0.000000,0.000006,0.999992,0.000000,0.000001,0.000001,2
0.000000,0.000000,0.000000,0.000123,0.000001,0.999875,5
0.997627,0.000037,0.002250,0.000002,0.000049,0.000035,0
0.000000,0.000000,0.000000,0.000014,0.000001,0.999984,5
0.998200,0.001780,0.000002,0.000001,0.000010,0.000008,0
0.999990,0.000000,0.000008,0.000000,0.000001,0.000001,0
0.000000,0.000094,0.999898,0.000000,0.000004,0.000003,2
0.000000,0.000000,0.000000,0.000014,0.000000,0.999985,5
0.000005,0.999990,0.000001,0.000002,0.000001,0.000001,1
0.999941,0.000031,0.000010,0.000007,0.000005,0.000006,0
0.000018,0.999925,0.000039,0.000001,0.000010,0.000006,1
0.000001,0.000000,0.000000,0.000584,0.000000,0.999415,5
0.000000,0.001627,0.998371,0.000000,0.000001,0.000001,2
0.000030,0.001798,0.998093,0.000006,0.000040,0.000033,2
0.999951,0.000036,0.000002,0.000002,0.000004,0.000005,0
0.000192,0.000087,0.000026,0.522591,0.476281,0.000823,3
0.000001,0.000000,0.000005,0.999979,0.000001,0.000013,3
0.000000,0.000000,0.000002,0.000026,0.000001,0.999971,5
0.000001,0.000000,0.000000,0.000005,0.999990,0.000003,4
0.000000,0.000000,0.000000,0.000205,0.000000,0.999794,5
0.000325,0.000065,0.000182,0.996249,0.000975,0.002204,3
0.999518,0.000179,0.000027,0.000008,0.000187,0.000082,0
0.000115,0.998814,0.000965,0.000015,0.000052,0.000038,1
0.000091,0.999783,0.000037,0.000064,0.000005,0.000021,1
0.000005,0.000002,0.000001,0.000142,0.999822,0.000029,4
0.002268,0.000033,0.000050,0.489702,0.507128,0.000820,4
0.000001,0.000000,0.000000,0.000034,0.000000,0.999965,5
0.000078,0.000005,0.000008,0.978105,0.021676,0.000128,3
0.001019,0.984571,0.000648,0.005516,0.005716,0.002530,1
0.000029,0.000004,0.000026,0.999671,0.000081,0.000188,3
0.000001,0.000001,0.000008,0.999967,0.000001,0.000022,3
0.000001,0.999802,0.000163,0.000002,0.000018,0.000015,1
0.000004,0.000156,0.999815,0.000001,0.000015,0.000008,2
0.000000,0.000000,0.000000,0.000015,0.000004,0.999980,5
0.000001,0.000000,0.000000,0.000015,0.000011,0.999972,5
0.000000,0.000005,0.000004,0.000005,0.000008,0.999977,5
0.000001,0.000000,0.000007,0.999972,0.000003,0.000017,3
0.000013,0.000003,0.000008,0.997794,0.002132,0.000051,3
0.000000,0.000000,0.000000,0.000062,0.000000,0.999937,5
0.000003,0.000003,0.000003,0.999325,0.000641,0.000026,3
0.000035,0.999358,0.000412,0.000022,0.000130,0.000044,1
0.000012,0.000003,0.000001,0.999129,0.000813,0.000042,3
0.000005,0.000001,0.000001,0.000864,0.999118,0.000011,4
0.999912,0.000056,0.000015,0.000012,0.000002,0.000004,0
0.000025,0.999734,0.000120,0.000005,0.000069,0.000048,1
0.000009,0.999987,0.000000,0.000001,0.000002,0.000002,1
0.000001,0.000000,0.000000,0.000238,0.999757,0.000004,4
0.000008,0.000028,0.999956,0.000001,0.000005,0.000003,2
0.898507,0.097818,0.001531,0.001349,0.000297,0.000497,0
0.999397,0.000597,0.000001,0.000001,0.000002,0.000002,0
0.000046,0.999584,0.000185,0.000096,0.000025,0.000064,1
0.130260,0.014446,0.853480,0.000286,0.000763,0.000765,2
0.000007,0.000010,0.000024,0.023687,0.976159,0.000115,4
0.000000,0.000000,0.000000,0.000259,0.000000,0.999740,5
0.000003,0.000001,0.000001,0.000163,0.999820,0.000013,4
0.000231,0.000074,0.000025,0.068093,0.930726,0.000851,4
0.000000,0.000000,0.000000,0.000147,0.000000,0.999852,5
0.000000,0.000000,0.000000,0.000026,0.000000,0.999973,5
0.999822,0.000039,0.000078,0.000018,0.000008,0.000034,0
0.000001,0.000000,0.000002,0.999955,0.000027,0.000014,3
0.000002,0.000001,0.000000,0.000005,0.999978,0.000013,4
0.999997,0.000001,0.000001,0.000000,0.000001,0.000001,0
0.999987,0.000002,0.000007,0.000002,0.000001,0.000001,0
0.000001,0.000000,0.000000,0.999994,0.000002,0.000004,3
0.000000,0.000000,0.000000,0.000057,0.000000,0.999943,5
0.000003,0.000001,0.999994,0.000001,0.000001,0.000001,2
0.999980,0.000010,0.000001,0.000000,0.000005,0.000004,0
0.000001,0.000000,0.000000,0.000230,0.000000,0.999769,5
0.000103,0.000041,0.000027,0.191069,0.808284,0.000477,4
0.999978,0.000014,0.000001,0.000001,0.000003,0.000003,0
0.999782,0.000020,0.000184,0.000001,0.000008,0.000004,0
0.999993,0.000002,0.000002,0.000001,0.000002,0.000002,0
0.000001,0.000002,0.000033,0.999919,0.000030,0.000015,3
0.000000,0.000000,0.000000,0.000098,0.000000,0.999902,5
0.000000,0.000000,0.000000,0.000101,0.000000,0.999899,5
0.000001,0.999983,0.000013,0.000001,0.000001,0.000002,1
0.000001,0.000000,0.999997,0.000000,0.000001,0.000001,2
0.000085,0.998969,0.000153,0.000258,0.000239,0.000297,1
0.000000,0.000000,0.000000,0.000048,0.000000,0.999951,5
0.999902,0.000002,0.000093,0.000000,0.000002,0.000001,0
0.000031,0.999960,0.000004,0.000001,0.000002,0.000003,1
0.999817,0.000024,0.000120,0.000005,0.000018,0.000017,0
0.000007,0.000083,0.999900,0.000001,0.000004,0.000005,2
0.000000,0.000000,0.000000,0.000085,0.000000,0.999914,5
0.000031,0.000004,0.999961,0.000000,0.000001,0.000002,2
0.000045,0.000009,0.000005,0.001483,0.998309,0.000149,4
0.000004,0.000033,0.999957,0.000000,0.000003,0.000002,2
0.999869,0.000028,0.000009,0.000085,0.000002,0.000007,0
0.000019,0.000002,0.000001,0.000591,0.999350,0.000037,4
0.000052,0.999904,0.000014,0.000001,0.000015,0.000013,1
0.000021,0.999971,0.000002,0.000001,0.000001,0.000004,1
0.995024,0.004412,0.000255,0.000050,0.000116,0.000143,0
0.000001,0.000000,0.000000,0.000013,0.999983,0.000003,4
0.000077,0.000010,0.000135,0.900163,0.099262,0.000353,3
0.000127,0.999838,0.000005,0.000005,0.000010,0.000016,1
0.000000,0.000000,0.000000,0.000029,0.000001,0.999970,5
0.000000,0.000000,0.000000,0.000009,0.999988,0.000001,4
0.000005,0.000001,0.000001,0.000970,0.999003,0.000020,4
0.000032,0.000004,0.000002,0.000645,0.999247,0.000069,4
0.000000,0.000036,0.999961,0.000000,0.000002,0.000001,2
0.000000,0.000001,0.000033,0.999947,0.000002,0.000017,3
0.000002,0.000000,0.000001,0.999952,0.000036,0.000008,3
0.000000,0.000000,0.000000,0.000000,0.999999,0.000001,4
0.993590,0.000942,0.005233,0.000019,0.000102,0.000113,0
0.001261,0.992211,0.002525,0.000152,0.002254,0.001598,1
0.000000,0.000001,0.000003,0.999916,0.000075,0.000005,3
0.000000,0.999884,0.000106,0.000001,0.000005,0.000003,1
0.000000,0.000000,0.000000,0.000139,0.000000,0.999860,5
0.000091,0.999896,0.000009,0.000001,0.000001,0.000002,1
0.980847,0.014647,0.004037,0.000037,0.000275,0.000156,0
0.000072,0.000022,0.000037,0.000048,0.999570,0.000252,4
0.999981,0.000008,0.000001,0.000000,0.000006,0.000003,0
0.000000,0.000000,0.000000,0.000034,0.000047,0.999918,5
0.000005,0.000001,0.000005,0.999520,0.000443,0.000026,3
0.000473,0.037663,0.960309,0.000096,0.000832,0.000627,2
0.000001,0.000001,0.000002,0.000093,0.999886,0.000017,4
0.000166,0.999704,0.000023,0.000011,0.000043,0.000052,1
0.999917,0.000014,0.000046,0.000001,0.000015,0.000008,0
0.000005,0.000003,0.000150,0.999725,0.000003,0.000115,3
0.000005,0.000003,0.000002,0.998811,0.001138,0.000041,3
0.000001,0.000000,0.000000,0.000289,0.000000,0.999710,5
0.000013,0.000001,0.000004,0.998656,0.001300,0.000027,3
0.999979,0.000010,0.000002,0.000001,0.000004,0.000004,0
0.999833,0.000129,0.000010,0.000004,0.000013,0.000011,0
0.999924,0.000033,0.000023,0.000000,0.000012,0.000009,0
0.999967,0.000021,0.000003,0.000003,0.000003,0.000003,0
0.000006,0.999863,0.000100,0.000002,0.000014,0.000015,1
0.000202,0.000083,0.999645,0.000020,0.000018,0.000032,2
0.000002,0.000003,0.999993,0.000000,0.000001,0.000001,2
0.000000,0.000000,0.000001,0.000261,0.000000,0.999737,5
0.000001,0.000001,0.000003,0.999976,0.000001,0.000019,3
0.000005,0.999160,0.000742,0.000015,0.000041,0.000037,1
0.000034,0.999856,0.000003,0.000023,0.000056,0.000027,1
0.000001,0.999994,0.000002,0.000001,0.000001,0.000002,1
0.000001,0.000001,0.000013,0.999346,0.000627,0.000013,3
0.000003,0.000001,0.000005,0.999846,0.000128,0.000018,3
0.000000,0.000000,0.000000,0.000087,0.000000,0.999912,5
0.000055,0.000039,0.000080,0.018847,0.980628,0.000350,4
0.000013,0.000009,0.000034,0.999603,0.000051,0.000291,3
0.017546,0.001304,0.979867,0.000038,0.000773,0.000473,2
0.999200,0.000272,0.000276,0.000014,0.000148,0.000089,0
0.000000,0.000000,0.000000,0.000055,0.000001,0.999944,5
0.999440,0.000464,0.000009,0.000006,0.000054,0.000027,0
0.011943,0.987673,0.000115,0.000187,0.000031,0.000051,1
0.000003,0.000001,0.000001,0.999772,0.000210,0.000013,3
0.000000,0.000000,0.000000,0.000244,0.000000,0.999755,5
0.000000,0.000000,0.000000,0.000552,0.000000,0.999447,5
0.000358,0.000049,0.000042,0.000164,0.998696,0.000691,4
0.000006,0.000000,0.000002,0.000122,0.999850,0.000019,4
0.000064,0.000042,0.999583,0.000181,0.000056,0.000075,2
0.000003,0.999984,0.000011,0.000000,0.000001,0.000001,1
0.999729,0.000117,0.000095,0.000002,0.000031,0.000025,0
0.000003,0.000002,0.999991,0.000001,0.000002,0.000002,2
0.000195,0.976148,0.023447,0.000016,0.000102,0.000092,1
0.000016,0.000011,0.000023,0.008122,0.991703,0.000124,4
0.000005,0.000001,0.000001,0.999958,0.000003,0.000033,3
0.000000,0.000000,0.000000,0.000005,0.000061,0.999932,5
0.000001,0.000086,0.999909,0.000000,0.000003,0.000001,2
0.999983,0.000007,0.000004,0.000001,0.000002,0.000003,0
0.000068,0.999704,0.000126,0.000018,0.000034,0.000049,1
0.000000,0.000000,0.000000,0.000025,0.000030,0.999944,5
0.000001,0.000002,0.000000,0.000238,0.999748,0.000011,4
0.999461,0.000025,0.000437,0.000020,0.000028,0.000029,0
0.000065,0.999905,0.000018,0.000004,0.000003,0.000005,1
0.000002,0.000000,0.000000,0.000023,0.999969,0.000006,4
0.000007,0.000002,0.999986,0.000000,0.000003,0.000002,2
0.997999,0.001798,0.000046,0.000011,0.000073,0.000072,0
0.000310,0.999584,0.000091,0.000003,0.000004,0.000008,1
0.998511,0.001012,0.000166,0.000184,0.000047,0.000080,0
0.999998,0.000000,0.000001,0.000000,0.000000,0.000000,0
0.000253,0.010939,0.987329,0.000520,0.000273,0.000686,2
0.000001,0.000000,0.000000,0.000136,0.000000,0.999862,5
0.000002,0.000001,0.000002,0.000383,0.999587,0.000026,4
0.999948,0.000050,0.000000,0.000000,0.000001,0.000001,0
0.999791,0.000191,0.000005,0.000001,0.000006,0.000006,0
0.000001,0.000000,0.999996,0.000001,0.000001,0.000001,2
0.988653,0.000443,0.010664,0.000083,0.000066,0.000090,0
0.000002,0.000000,0.999996,0.000000,0.000001,0.000001,2
0.000001,0.999943,0.000013,0.000002,0.000035,0.000007,1
0.000000,0.000000,0.000000,0.000217,0.000000,0.999782,5
0.000000,0.999946,0.000042,0.000001,0.000007,0.000004,1
0.999665,0.000236,0.000009,0.000029,0.000029,0.000032,0
0.999991,0.000004,0.000001,0.000000,0.000001,0.000002,0
0.000001,0.000000,0.000004,0.999982,0.000001,0.000013,3
0.000012,0.000002,0.000014,0.996740,0.003153,0.000079,3
0.000001,0.000000,0.000000,0.000085,0.000000,0.999914,5
0.000000,0.000000,0.000000,0.000024,0.000013,0.999962,5
0.000006,0.000001,0.000003,0.999949,0.000003,0.000038,3
0.000000,0.000000,0.000000,0.000175,0.000005,0.999819,5
0.000028,0.000002,0.000006,0.999857,0.000036,0.000072,3
0.000015,0.000012,0.000026,0.022321,0.977522,0.000103,4
0.000002,0.000000,0.000000,0.000206,0.999782,0.000009,4
0.999927,0.000041,0.000023,0.000004,0.000002,0.000003,0
0.000003,0.000000,0.000001,0.999513,0.000466,0.000016,3
0.000001,0.000001,0.000002,0.999919,0.000069,0.000009,3
0.000002,0.999984,0.000009,0.000002,0.000001,0.000002,1
0.999988,0.000003,0.000000,0.000001,0.000004,0.000004,0
0.000000,0.000000,0.000000,0.000233,0.000000,0.999766,5
0.000000,0.000000,0.000000,0.000104,0.000000,0.999895,5
0.000003,0.000007,0.999970,0.000009,0.000004,0.000008,2
0.000001,0.000003,0.999993,0.000000,0.000001,0.000001,2
0.000888,0.003659,0.995246,0.000009,0.000091,0.000108,2
0.000111,0.000016,0.000195,0.572434,0.426602,0.000642,3
0.000339,0.000043,0.000088,0.226801,0.771566,0.001162,4
0.000721,0.000047,0.000091,0.076387,0.921719,0.001036,4
0.000112,0.000021,0.000019,0.945473,0.053999,0.000376,3
0.000001,0.000002,0.000004,0.999969,0.000001,0.000024,3
0.000005,0.999813,0.000022,0.000011,0.000101,0.000048,1
0.000016,0.999528,0.000237,0.000012,0.000095,0.000112,1
0.000001,0.000001,0.000000,0.000002,0.999991,0.000005,4
0.000002,0.999993,0.000001,0.000001,0.000001,0.000002,1
0.000000,0.000000,0.000000,0.000243,0.000000,0.999756,5
0.000002,0.000001,0.000005,0.999513,0.000457,0.000022,3
0.000000,0.000000,0.000000,0.000664,0.000000,0.999336,5
0.000000,0.000000,0.000000,0.000136,0.000001,0.999863,5
0.000000,0.000000,0.000000,0.000065,0.000008,0.999926,5
0.000000,0.000000,0.000000,0.000115,0.000000,0.999884,5
0.999847,0.000002,0.000141,0.000001,0.000005,0.000004,0
0.000000,0.000000,0.000000,0.000007,0.000022,0.999971,5
0.999881,0.000080,0.000004,0.000002,0.000020,0.000012,0
0.000000,0.000000,0.000000,0.000403,0.000000,0.999596,5
0.000002,0.000013,0.999982,0.000000,0.000002,0.000001,2
0.000000,0.000000,0.000000,0.999994,0.000003,0.000002,3
0.000008,0.000003,0.000072,0.997906,0.001936,0.000075,3
0.999990,0.000001,0.000004,0.000002,0.000002,0.000002,0
0.000167,0.999732,0.000033,0.000007,0.000036,0.000026,1
0.000002,0.000001,0.000003,0.999801,0.000170,0.000023,3
0.000012,0.000002,0.000001,0.000505,0.999452,0.000028,4
0.000012,0.000001,0.000001,0.000379,0.999576,0.000031,4
0.000002,0.000001,0.000002,0.998508,0.001473,0.000015,3
0.982458,0.017046,0.000217,0.000056,0.000126,0.000097,0
0.000001,0.000000,0.000000,0.000236,0.000000,0.999763,5
0.000001,0.000000,0.000000,0.000060,0.000000,0.999939,5
0.999751,0.000047,0.000154,0.000019,0.000014,0.000016,0
0.000000,0.000000,0.000000,0.000010,0.000000,0.999989,5
0.000001,0.000000,0.000001,0.999606,0.000381,0.000010,3
0.000000,0.000000,0.000002,0.000072,0.000001,0.999924,5
0.000001,0.000000,0.000000,0.999973,0.000021,0.000004,3
0.000061,0.000364,0.999438,0.000113,0.000008,0.000016,2
0.000005,0.000002,0.000005,0.999804,0.000145,0.000040,3
0.000001,0.000000,0.000000,0.000076,0.000001,0.999922,5
0.999960,0.000026,0.000005,0.000000,0.000005,0.000003,0
0.000002,0.999979,0.000008,0.000001,0.000005,0.000005,1
0.999633,0.000362,0.000001,0.000000,0.000002,0.000002,0
0.000001,0.000000,0.000001,0.000013,0.999975,0.000009,4
0.000229,0.000162,0.000718,0.524324,0.472372,0.002195,3
0.000002,0.000000,0.000001,0.999980,0.000012,0.000005,3
0.000001,0.000000,0.000000,0.999985,0.000008,0.000005,3
0.000001,0.000000,0.000000,0.000033,0.999963,0.000003,4
0.000000,0.000000,0.000000,0.000005,0.000044,0.999951,5
0.999960,0.000023,0.000008,0.000001,0.000004,0.000003,0
0.999847,0.000132,0.000012,0.000002,0.000004,0.000004,0
0.000005,0.000002,0.000002,0.000065,0.999873,0.000052,4
0.000011,0.000002,0.000004,0.991908,0.008023,0.000052,3
0.000005,0.000005,0.999982,0.000001,0.000004,0.000003,2
0.000000,0.000000,0.000000,0.000000,0.015893,0.984106,5
0.000054,0.000011,0.000014,0.769102,0.230530,0.000289,3
0.000000,0.000115,0.999878,0.000002,0.000002,0.000003,2
0.000007,0.999647,0.000338,0.000001,0.000003,0.000004,1
0.000001,0.000000,0.000000,0.000006,0.999990,0.000003,4
0.000001,0.000001,0.000017,0.999963,0.000000,0.000019,3
0.000076,0.000002,0.999920,0.000000,0.000001,0.000001,2
0.000003,0.000001,0.000001,0.000139,0.999844,0.000014,4
0.000043,0.000001,0.999951,0.000001,0.000002,0.000002,2
0.999969,0.000008,0.000010,0.000001,0.000006,0.000005,0
0.999937,0.000029,0.000003,0.000001,0.000020,0.000010,0
0.000138,0.000193,0.999628,0.000003,0.000013,0.000025,2
0.998988,0.000052,0.000860,0.000004,0.000058,0.000038,0
0.999990,0.000001,0.000001,0.000001,0.000004,0.000003,0
0.000050,0.000005,0.000019,0.998711,0.001073,0.000143,3
0.000012,0.000022,0.000004,0.000006,0.999908,0.000047,4
0.000004,0.000003,0.000011,0.999868,0.000007,0.000107,3
0.000003,0.000002,0.000020,0.999896,0.000009,0.000070,3
0.000039,0.000003,0.000003,0.999877,0.000007,0.000072,3
0.000001,0.000000,0.000000,0.000007,0.000002,0.999990,5
0.000060,0.999748,0.000036,0.000119,0.000007,0.000031,1
0.000004,0.000001,0.000028,0.999939,0.000002,0.000026,3
0.000001,0.000001,0.000021,0.999955,0.000002,0.000020,3
0.000275,0.999619,0.000010,0.000003,0.000063,0.000031,1
0.000000,0.000001,0.000016,0.999968,0.000003,0.000012,3
0.000000,0.000000,0.000000,0.999989,0.000009,0.000002,3
0.000005,0.999892,0.000062,0.000022,0.000008,0.000011,1
0.001500,0.000301,0.998049,0.000091,0.000033,0.000025,2
0.000001,0.999972,0.000004,0.000002,0.000013,0.000009,1
0.000000,0.000000,0.000000,0.000011,0.000003,0.999986,5
0.999975,0.000005,0.000013,0.000001,0.000003,0.000003,0
0.999992,0.000003,0.000001,0.000001,0.000001,0.000001,0
0.000018,0.000002,0.000004,0.998998,0.000915,0.000063,3
0.000106,0.999833,0.000004,0.000012,0.000013,0.000033,1
0.000000,0.000000,0.000000,0.000005,0.000001,0.999994,5
0.000012,0.000003,0.000002,0.000171,0.999764,0.000048,4
0.997836,0.000018,0.002086,0.000038,0.000008,0.000013,0
0.999930,0.000066,0.000000,0.000000,0.000002,0.000002,0
0.000017,0.999981,0.000000,0.000000,0.000000,0.000001,1
0.000002,0.000011,0.000003,0.000223,0.999728,0.000032,4
0.000007,0.999988,0.000003,0.000000,0.000000,0.000001,1
0.998398,0.001471,0.000037,0.000019,0.000037,0.000039,0
0.000001,0.000000,0.000001,0.000007,0.999986,0.000005,4
0.000000,0.000001,0.999996,0.000001,0.000001,0.000001,2
0.997647,0.000083,0.002054,0.000066,0.000073,0.000078,0
0.999991,0.000005,0.000000,0.000000,0.000002,0.000001,0
0.000097,0.000046,0.000082,0.934187,0.064895,0.000693,3
0.195865,0.000756,0.802796,0.000029,0.000318,0.000236,2
0.000000,0.000000,0.000000,0.000108,0.000014,0.999877,5
0.000017,0.000012,0.000030,0.014655,0.985040,0.000246,4
0.000000,0.000000,0.000001,0.000001,0.001173,0.998824,5
0.000002,0.999996,0.000001,0.000000,0.000000,0.000001,1
0.000000,0.000000,0.000001,0.000016,0.000002,0.999981,5
0.000132,0.000112,0.999690,0.000023,0.000017,0.000025,2
0.000020,0.000007,0.000029,0.999694,0.000016,0.000233,3
0.000001,0.000000,0.000000,0.000038,0.000005,0.999956,5
0.000000,0.000000,0.000000,0.000074,0.000000,0.999926,5
0.000009,0.000002,0.000002,0.001231,0.998723,0.000034,4
0.001224,0.998651,0.000067,0.000016,0.000023,0.000019,1
0.000009,0.000077,0.999889,0.000020,0.000002,0.000003,2
0.000016,0.000009,0.000034,0.078136,0.921621,0.000185,4
0.000062,0.000020,0.000009,0.002313,0.997348,0.000249,4
0.000598,0.999399,0.000001,0.000000,0.000001,0.000001,1
0.000010,0.000002,0.000009,0.999892,0.000006,0.000081,3
0.000001,0.000000,0.000007,0.999981,0.000002,0.000010,3
0.000015,0.000002,0.000004,0.000486,0.999442,0.000051,4
0.000002,0.000052,0.999942,0.000001,0.000001,0.000002,2
0.000217,0.000065,0.000131,0.629455,0.369363,0.000768,3
0.000000,0.000001,0.000000,0.000005,0.000067,0.999927,5
0.999990,0.000002,0.000001,0.000001,0.000004,0.000002,0
0.000098,0.000057,0.000105,0.034524,0.964512,0.000704,4
0.000013,0.000002,0.000032,0.007263,0.992631,0.000060,4
0.000045,0.000010,0.000094,0.112462,0.887139,0.000250,4
0.994166,0.005615,0.000039,0.000031,0.000076,0.000072,0
0.999945,0.000014,0.000006,0.000025,0.000004,0.000006,0
0.000018,0.000080,0.999880,0.000002,0.000011,0.000009,2
0.999353,0.000173,0.000375,0.000005,0.000043,0.000051,0
0.000013,0.999937,0.000036,0.000002,0.000006,0.000006,1
0.000001,0.000000,0.000000,0.000348,0.000000,0.999651,5
0.000000,0.000000,0.000000,0.000445,0.000000,0.999554,5
0.000001,0.000002,0.000018,0.997639,0.002315,0.000025,3
0.999697,0.000003,0.000288,0.000003,0.000005,0.000003,0
0.000002,0.000043,0.999944,0.000001,0.000006,0.000005,2
0.000137,0.000003,0.999852,0.000003,0.000001,0.000003,2
0.000007,0.000001,0.000002,0.000586,0.999382,0.000022,4
0.000000,0.000000,0.000000,0.000253,0.000004,0.999742,5
0.000020,0.999965,0.000010,0.000001,0.000002,0.000003,1
0.000000,0.000003,0.000011,0.999971,0.000007,0.000008,3
0.999988,0.000003,0.000004,0.000002,0.000002,0.000001,0
0.999890,0.000055,0.000033,0.000003,0.000011,0.000008,0
0.999981,0.000006,0.000006,0.000001,0.000003,0.000002,0
0.000121,0.000014,0.000286,0.987614,0.011483,0.000483,3
0.000048,0.999903,0.000029,0.000003,0.000006,0.000010,1
0.999969,0.000001,0.000015,0.000000,0.000013,0.000002,0
0.000071,0.000007,0.000014,0.176730,0.822936,0.000242,4
0.999893,0.000047,0.000026,0.000004,0.000014,0.000017,0
0.000010,0.000007,0.000011,0.000126,0.999790,0.000056,4
0.000000,0.000000,0.000001,0.000004,0.000095,0.999898,5
0.000085,0.000032,0.000089,0.998638,0.000401,0.000755,3
0.000237,0.000063,0.000182,0.752298,0.246054,0.001166,3
0.000011,0.000011,0.000010,0.001118,0.998731,0.000119,4
0.000000,0.000000,0.000000,0.000069,0.000002,0.999928,5
0.999985,0.000012,0.000000,0.000001,0.000001,0.000001,0
0.000003,0.000001,0.000003,0.999631,0.000341,0.000021,3
0.000014,0.000005,0.000013,0.935544,0.064306,0.000119,3
0.000001,0.000000,0.000000,0.000026,0.000002,0.999971,5
0.000000,0.000000,0.000000,0.000397,0.000000,0.999602,5
0.000029,0.987643,0.012212,0.000046,0.000028,0.000041,1
0.000159,0.000038,0.000026,0.484030,0.515073,0.000673,4
0.000003,0.000014,0.999976,0.000003,0.000002,0.000002,2
0.000009,0.000003,0.000007,0.999898,0.000004,0.000079,3
0.000000,0.000000,0.000000,0.000500,0.000000,0.999499,5
0.000001,0.000001,0.999993,0.000003,0.000001,0.000001,2
0.980048,0.018811,0.000709,0.000022,0.000229,0.000182,0
0.000000,0.000000,0.000001,0.000196,0.000000,0.999803,5
0.000000,0.000000,0.000001,0.999995,0.000003,0.000001,3
0.000028,0.000008,0.000053,0.994441,0.005152,0.000318,3
0.000050,0.000003,0.000010,0.000662,0.999192,0.000083,4
0.000010,0.000002,0.000005,0.999848,0.000095,0.000040,3
0.999965,0.000031,0.000001,0.000000,0.000001,0.000002,0
0.000000,0.000000,0.000000,0.000547,0.000000,0.999452,5
0.000001,0.001037,0.998951,0.000001,0.000004,0.000006,2
0.000000,0.000000,0.000000,0.000000,0.999999,0.000000,4
0.000000,0.000000,0.000000,0.000244,0.000000,0.999755,5
0.000009,0.000223,0.999738,0.000008,0.000011,0.000011,2
0.000001,0.000000,0.000000,0.000001,0.000912,0.999086,5
0.000001,0.000001,0.999993,0.000003,0.000001,0.000001,2
0.000028,0.999948,0.000009,0.000001,0.000008,0.000005,1
0.000030,0.000003,0.000044,0.999818,0.000003,0.000103,3
0.999653,0.000280,0.000019,0.000007,0.000020,0.000021,0
0.000000,0.000000,0.000000,0.000011,0.000001,0.999988,5
0.000034,0.000008,0.000006,0.002760,0.997042,0.000149,4
0.000051,0.000004,0.000010,0.968663,0.031182,0.000091,3
0.000006,0.000002,0.000018,0.999902,0.000004,0.000067,3
0.000005,0.000003,0.999988,0.000000,0.000002,0.000001,2
0.999970,0.000015,0.000001,0.000005,0.000004,0.000005,0
0.000000,0.000000,0.000001,0.000379,0.000000,0.999619,5
0.000003,0.000000,0.000019,0.999955,0.000001,0.000021,3
0.000013,0.026054,0.973871,0.000023,0.000011,0.000027,2
0.000004,0.000001,0.000001,0.000052,0.999919,0.000022,4
0.000006,0.000001,0.999989,0.000002,0.000000,0.000001,2
0.000002,0.000001,0.000000,0.000079,0.999907,0.000011,4
0.000460,0.000051,0.000030,0.001025,0.997799,0.000635,4
0.000006,0.000002,0.999989,0.000001,0.000001,0.000001,2
0.000004,0.000000,0.000001,0.999974,0.000008,0.000013,3
0.000008,0.000012,0.000371,0.999090,0.000269,0.000251,3
0.000004,0.994217,0.005743,0.000002,0.000017,0.000016,1
0.999563,0.000035,0.000366,0.000019,0.000006,0.000011,0
0.414177,0.572640,0.003742,0.000406,0.005091,0.003944,1
0.999994,0.000001,0.000000,0.000001,0.000003,0.000002,0
0.000000,0.000000,0.000000,0.000049,0.000000,0.999950,5
0.000000,0.000000,0.000001,0.000232,0.000000,0.999767,5
0.000000,0.000000,0.000001,0.000003,0.000002,0.999994,5
0.000007,0.999403,0.000527,0.000005,0.000031,0.000028,1
0.000033,0.000001,0.000046,0.000112,0.999753,0.000055,4
0.000000,0.000000,0.000000,0.000344,0.000000,0.999655,5
0.006090,0.000010,0.993794,0.000040,0.000027,0.000038,2
0.000003,0.999975,0.000016,0.000000,0.000002,0.000003,1
0.000012,0.000009,0.000433,0.999201,0.000061,0.000284,3
0.000001,0.000000,0.000000,0.000005,0.999990,0.000003,4
0.000000,0.000000,0.000000,0.000030,0.000001,0.999969,5
0.000018,0.000005,0.000001,0.000055,0.999891,0.000030,4
0.000240,0.000001,0.999750,0.000002,0.000003,0.000004,2
0.000011,0.000009,0.000008,0.998672,0.001219,0.000081,3
0.000085,0.000283,0.000007,0.001359,0.998079,0.000186,4
0.999583,0.000397,0.000004,0.000001,0.000010,0.000006,0
0.000000,0.000000,0.000000,0.000108,0.000002,0.999889,5
0.000365,0.999438,0.000163,0.000001,0.000024,0.000009,1
0.000000,0.000000,0.000000,0.000045,0.000001,0.999954,5
0.000022,0.999899,0.000016,0.000006,0.000026,0.000031,1
0.000021,0.000005,0.000006,0.976431,0.023437,0.000100,3
0.000000,0.000000,0.000000,0.000124,0.000003,0.999873,5
0.998710,0.000035,0.001192,0.000015,0.000026,0.000022,0
0.000000,0.000000,0.000000,0.000412,0.000000,0.999588,5
0.999985,0.000007,0.000002,0.000000,0.000003,0.000002,0
0.000012,0.999891,0.000069,0.000003,0.000008,0.000017,1
0.996698,0.001692,0.001448,0.000014,0.000093,0.000055,0
0.000007,0.000001,0.000000,0.000268,0.999711,0.000014,4
0.271370,0.013575,0.709426,0.001343,0.001639,0.002648,2
0.001436,0.994351,0.003555,0.000035,0.000208,0.000416,1
0.004280,0.000487,0.994743,0.000327,0.000064,0.000099,2
0.999990,0.000005,0.000000,0.000001,0.000002,0.000002,0
0.000005,0.000001,0.000009,0.999570,0.000384,0.000031,3
0.000006,0.000002,0.000001,0.000803,0.999165,0.000024,4
0.000006,0.000004,0.999978,0.000002,0.000006,0.000005,2
0.001750,0.307949,0.684138,0.000332,0.002740,0.003090,2
0.000003,0.000000,0.000001,0.999973,0.000015,0.000008,3
0.000098,0.000093,0.999782,0.000005,0.000012,0.000010,2
0.000001,0.000000,0.000000,0.000019,0.000015,0.999964,5
0.000000,0.000000,0.000000,0.000016,0.000000,0.999983,5
0.000024,0.000312,0.999645,0.000001,0.000008,0.000009,2
0.000002,0.000005,0.000001,0.000009,0.999959,0.000024,4
0.000000,0.000000,0.000000,0.000000,0.999999,0.000001,4
0.999982,0.000003,0.000002,0.000002,0.000006,0.000004,0
0.999970,0.000013,0.000012,0.000001,0.000003,0.000002,0
0.000005,0.000000,0.000007,0.999966,0.000006,0.000016,3
0.999996,0.000001,0.000000,0.000000,0.000002,0.000001,0
0.000001,0.000182,0.999811,0.000001,0.000002,0.000003,2
0.000000,0.000000,0.000000,0.000240,0.000000,0.999759,5
0.000004,0.999962,0.000018,0.000003,0.000004,0.000009,1
0.000165,0.000166,0.999634,0.000005,0.000013,0.000016,2
0.000000,0.999918,0.000057,0.000000,0.000022,0.000003,1
0.000001,0.000000,0.000000,0.000161,0.000000,0.999838,5
0.000075,0.000014,0.000011,0.000984,0.998680,0.000236,4
0.999983,0.000003,0.000004,0.000000,0.000006,0.000004,0
0.000001,0.000000,0.000000,0.001100,0.000000,0.998899,5
0.999655,0.000193,0.000107,0.000005,0.000018,0.000022,0
0.000000,0.000003,0.000001,0.000022,0.000001,0.999973,5
0.000952,0.000264,0.998299,0.000044,0.000281,0.000160,2
0.000000,0.000000,0.000000,0.000000,0.999999,0.000001,4
0.999783,0.000163,0.000024,0.000002,0.000014,0.000015,0
0.000033,0.999483,0.000043,0.000056,0.000244,0.000141,1
0.000016,0.000002,0.000007,0.950069,0.049845,0.000061,3
0.000007,0.000001,0.000001,0.000371,0.999597,0.000023,4
0.000010,0.000016,0.999938,0.000007,0.000016,0.000012,2
0.000305,0.000116,0.999509,0.000018,0.000028,0.000024,2
0.000306,0.002141,0.996727,0.000023,0.000506,0.000297,2
0.000004,0.000000,0.999995,0.000000,0.000000,0.000000,2
0.000001,0.000000,0.000002,0.999988,0.000000,0.000009,3
0.000048,0.000036,0.000005,0.003712,0.996005,0.000194,4
0.000006,0.000001,0.000002,0.999682,0.000293,0.000017,3
0.998912,0.000004,0.001062,0.000006,0.000009,0.000006,0
0.000024,0.999910,0.000010,0.000006,0.000021,0.000029,1
0.000004,0.000011,0.999983,0.000000,0.000001,0.000001,2
0.000021,0.002382,0.997567,0.000000,0.000020,0.000009,2
0.000000,0.999993,0.000002,0.000000,0.000003,0.000002,1
0.000001,0.000000,0.000002,0.999949,0.000043,0.000005,3
0.000023,0.000007,0.000009,0.015719,0.984069,0.000172,4
0.999915,0.000035,0.000010,0.000025,0.000006,0.000008,0
0.023200,0.974455,0.001595,0.000539,0.000048,0.000163,1
0.000003,0.000008,0.000040,0.999781,0.000125,0.000042,3
0.001939,0.012369,0.970302,0.006464,0.001374,0.007552,2
0.999997,0.000001,0.000000,0.000000,0.000001,0.000001,0
0.000001,0.000000,0.000000,0.000018,0.000026,0.999954,5
0.000000,0.000000,0.000000,0.000071,0.000000,0.999928,5
0.000000,0.000000,0.000001,0.000043,0.000000,0.999956,5
0.000011,0.999952,0.000019,0.000001,0.000009,0.000007,1
0.000322,0.999545,0.000024,0.000014,0.000032,0.000062,1
0.000020,0.000005,0.000006,0.001984,0.997880,0.000104,4
0.000000,0.999947,0.000042,0.000007,0.000001,0.000002,1
0.999625,0.000092,0.000011,0.000009,0.000173,0.000089,0
0.000002,0.999997,0.000000,0.000000,0.000000,0.000000,1
0.000008,0.000005,0.000006,0.000071,0.999838,0.000072,4
0.999991,0.000001,0.000003,0.000001,0.000003,0.000002,0
0.000018,0.999942,0.000004,0.000004,0.000011,0.000022,1
0.000000,0.000000,0.000000,0.000123,0.000000,0.999877,5
0.999914,0.000010,0.000038,0.000019,0.000005,0.000015,0
0.000061,0.001274,0.998594,0.000004,0.000033,0.000033,2
0.999994,0.000001,0.000002,0.000000,0.000001,0.000001,0
0.000002,0.000000,0.000002,0.999983,0.000006,0.000007,3
0.000021,0.999975,0.000001,0.000000,0.000002,0.000002,1
0.000002,0.000000,0.000001,0.000458,0.999533,0.000006,4
0.000007,0.000059,0.999920,0.000008,0.000003,0.000003,2
0.000048,0.000040,0.000005,0.001518,0.998193,0.000196,4
0.000000,0.000000,0.000000,0.000019,0.000000,0.999980,5
0.000003,0.000001,0.000019,0.999938,0.000003,0.000036,3
0.000054,0.000001,0.999938,0.000000,0.000006,0.000001,2
0.000000,0.000000,0.000000,0.000018,0.000001,0.999980,5
0.000000,0.000000,0.000000,0.000041,0.000000,0.999958,5
0.999953,0.000037,0.000004,0.000000,0.000003,0.000003,0
0.002861,0.002631,0.000975,0.026313,0.960822,0.006399,4
0.000000,0.000000,0.000005,0.999990,0.000000,0.000004,3
0.997562,0.001074,0.000134,0.000086,0.000426,0.000718,0
0.000001,0.999997,0.000000,0.000000,0.000000,0.000001,1
0.000001,0.000000,0.000000,0.000001,0.999996,0.000003,4
0.000373,0.000005,0.999614,0.000003,0.000003,0.000003,2
0.000000,0.000000,0.000000,0.000001,0.999998,0.000001,4
0.000003,0.000000,0.000001,0.999837,0.000147,0.000011,3
0.999988,0.000010,0.000001,0.000000,0.000000,0.000001,0
0.000008,0.000001,0.000006,0.993010,0.006928,0.000046,3
0.992479,0.007513,0.000000,0.000002,0.000001,0.000004,0
0.000000,0.000000,0.000000,0.000008,0.000001,0.999990,5
0.000039,0.999833,0.000003,0.000015,0.000082,0.000028,1
0.000001,0.999961,0.000019,0.000004,0.000004,0.000010,1
0.999980,0.000013,0.000000,0.000000,0.000003,0.000003,0
0.000068,0.000008,0.000116,0.985448,0.014125,0.000235,3
0.999305,0.000044,0.000572,0.000005,0.000039,0.000034,0
0.000000,0.000000,0.000000,0.000050,0.000000,0.999950,5
0.999933,0.000060,0.000002,0.000000,0.000002,0.000002,0
0.999983,0.000004,0.000001,0.000000,0.000007,0.000004,0
0.000000,0.000000,0.000000,0.000008,0.000008,0.999983,5
0.999995,0.000001,0.000001,0.000000,0.000001,0.000001,0
0.000003,0.000001,0.000001,0.999977,0.000006,0.000013,3
0.000009,0.000003,0.999982,0.000001,0.000003,0.000002,2
0.999317,0.000658,0.000002,0.000001,0.000015,0.000007,0
0.000000,0.000000,0.000000,0.000025,0.000007,0.999968,5
0.000001,0.000007,0.999989,0.000002,0.000001,0.000001,2
0.000000,0.000646,0.999340,0.000004,0.000002,0.000007,2
0.000227,0.999631,0.000053,0.000011,0.000026,0.000053,1
0.000000,0.000000,0.000000,0.000005,0.000002,0.999992,5
0.000009,0.000010,0.999976,0.000000,0.000003,0.000002,2
0.000167,0.000006,0.000011,0.998738,0.000832,0.000245,3
0.000001,0.000000,0.000000,0.000030,0.000003,0.999966,5
0.999957,0.000036,0.000002,0.000001,0.000002,0.000002,0
0.000001,0.000000,0.000001,0.999692,0.000297,0.000009,3
0.999997,0.000000,0.000001,0.000000,0.000000,0.000001,0
0.000000,0.000000,0.000002,0.000069,0.000001,0.999928,5
0.000001,0.999913,0.000055,0.000006,0.000007,0.000017,1
0.000007,0.000001,0.000002,0.999631,0.000340,0.000018,3
0.000001,0.000000,0.999996,0.000001,0.000001,0.000001,2
0.000001,0.000000,0.000000,0.000031,0.999964,0.000003,4
0.000000,0.000000,0.000000,0.000272,0.000000,0.999727,5
0.000015,0.000001,0.000006,0.999729,0.000207,0.000042,3
0.000001,0.000000,0.000000,0.000050,0.000007,0.999943,5
0.000221,0.999719,0.000035,0.000002,0.000007,0.000015,1
0.000000,0.000000,0.000000,0.000001,0.999998,0.000001,4
0.000000,0.000000,0.000000,0.000008,0.000007,0.999984,5
0.000003,0.000001,0.000000,0.000056,0.999929,0.000011,4
0.000002,0.000000,0.000002,0.999759,0.000227,0.000009,3
0.000000,0.000000,0.000000,0.000004,0.000001,0.999994,5
0.000093,0.000015,0.000015,0.011453,0.988165,0.000259,4
0.000000,0.000000,0.000000,0.000006,0.999992,0.000001,4
0.000001,0.000000,0.000000,0.000158,0.000000,0.999841,5
0.000009,0.999774,0.000125,0.000008,0.000040,0.000044,1
0.000003,0.000196,0.999794,0.000000,0.000003,0.000003,2
0.000264,0.999641,0.000001,0.000014,0.000054,0.000026,1
0.000018,0.000001,0.000001,0.999929,0.000021,0.000030,3
0.999904,0.000037,0.000022,0.000007,0.000014,0.000016,0
0.000000,0.999994,0.000004,0.000000,0.000001,0.000001,1
0.001335,0.998567,0.000015,0.000029,0.000029,0.000025,1
0.000019,0.000015,0.000028,0.999686,0.000023,0.000228,3
0.000001,0.999924,0.000040,0.000003,0.000019,0.000014,1
0.000004,0.000001,0.000011,0.999900,0.000031,0.000052,3
0.000001,0.000001,0.000000,0.000002,0.999991,0.000005,4
0.007545,0.987927,0.003573,0.000082,0.000398,0.000476,1
0.000001,0.000000,0.999998,0.000000,0.000000,0.000000,2
0.999517,0.000288,0.000084,0.000004,0.000074,0.000033,0
0.000003,0.000001,0.000001,0.001300,0.998682,0.000014,4
0.000002,0.000000,0.000001,0.000067,0.999926,0.000005,4
0.000005,0.000001,0.000003,0.999907,0.000060,0.000023,3
0.000013,0.000002,0.999981,0.000001,0.000002,0.000002,2
0.000978,0.000094,0.000015,0.771344,0.226973,0.000596,3
0.999993,0.000000,0.000002,0.000000,0.000002,0.000002,0
0.999835,0.000118,0.000024,0.000001,0.000014,0.000007,0
0.000030,0.999763,0.000017,0.000013,0.000078,0.000099,1
0.000169,0.999671,0.000099,0.000048,0.000004,0.000009,1
0.000000,0.000000,0.000000,0.000020,0.000000,0.999979,5
0.000000,0.000000,0.000000,0.000000,0.000401,0.999598,5
0.000000,0.000000,0.000000,0.000196,0.000000,0.999804,5
0.000002,0.000001,0.000013,0.999955,0.000004,0.000025,3
0.000001,0.000000,0.000000,0.000891,0.000000,0.999107,5
0.999979,0.000013,0.000001,0.000003,0.000002,0.000002,0
0.000001,0.000005,0.999988,0.000004,0.000001,0.000001,2
0.999985,0.000001,0.000004,0.000006,0.000002,0.000002,0
0.000000,0.000000,0.000000,0.000454,0.000000,0.999545,5
0.999966,0.000019,0.000011,0.000002,0.000001,0.000001,0
0.000000,0.000000,0.000000,0.000036,0.000001,0.999962,5
0.936487,0.063496,0.000002,0.000003,0.000003,0.000009,0
0.998564,0.000631,0.000729,0.000007,0.000036,0.000034,0
0.000084,0.000001,0.999901,0.000001,0.000008,0.000006,2
0.999850,0.000003,0.000134,0.000008,0.000002,0.000003,0
0.014985,0.000111,0.984817,0.000010,0.000044,0.000033,2
0.000000,0.000000,0.000000,0.000028,0.000009,0.999962,5
0.000001,0.000000,0.000000,0.000002,0.999994,0.000003,4
0.000006,0.000001,0.000001,0.004518,0.995447,0.000027,4
0.000000,0.000000,0.000000,0.000064,0.000000,0.999935,5
0.000011,0.000002,0.000006,0.999605,0.000321,0.000056,3
0.000081,0.000012,0.000261,0.999116,0.000063,0.000466,3
0.000332,0.000040,0.000985,0.165571,0.832072,0.001001,4
