baseScore_0;inoScore0_double;inoScore0_float;baseScore_1;inoScore1_double;inoScore1_float;baseLabel;inoLabel_double;inoLabel_float
8.64267349243164e-05;8.64314592019e-05;8.64267349243e-05;0.9999135732650756;0.999913568540798;0.9999135732650756;1;1;1
0.0010736584663391;0.0010736380280572;0.0010736584663391;0.9989263415336608;0.9989263619719428;0.9989263415336608;1;1;1
0.0001506805419921;0.0001506045666856;0.0001506209373474;0.9998493194580078;0.9998493954333142;0.9998493790626524;1;1;1
0.0018710494041442;0.0018710498640832;0.0018710494041442;0.9981289505958556;0.9981289501359168;0.9981289505958556;1;1;1
0.0098107457160949;0.0098107191806906;0.0098107457160949;0.990189254283905;0.9901892808193092;0.990189254283905;1;1;1
0.0010223388671875;0.0010223469306829;0.0010223388671875;0.9989776611328124;0.998977653069317;0.9989776611328124;1;1;1
0.0013588070869445;0.0013587709951822;0.0013587474822998;0.9986411929130554;0.9986412290048176;0.9986412525177;1;1;1
0.0002190470695495;0.0002190180123665;0.0002189874649047;0.9997809529304504;0.9997809819876334;0.9997810125350952;1;1;1
0.0031770467758178;0.0031769964984365;0.003176987171173;0.996822953224182;0.9968230035015634;0.9968230128288268;1;1;1
0.0013516545295715;0.0013516720416987;0.0013516545295715;0.9986483454704284;0.9986483279583012;0.9986483454704284;1;1;1
0.0001463890075683;0.0001463312289892;0.0001463294029235;0.9998536109924316;0.9998536687710108;0.9998536705970764;1;1;1
0.0019006133079528;0.0019005685700136;0.0019005537033081;0.9980993866920472;0.9980994314299864;0.9980994462966918;1;1;1
0.0001342296600341;0.0001342442991254;0.0001342296600341;0.9998657703399658;0.9998657557008744;0.9998657703399658;1;1;1
6.687641143798828e-05;6.69100223981e-05;6.69360160827e-05;0.999933123588562;0.999933089977602;0.9999330639839172;1;1;1
0.0001040697097778;0.0001040829501218;0.0001040697097778;0.9998959302902222;0.999895917049878;0.999895930290222;1;1;1
1.609325408935547e-05;1.60794894451e-05;1.60932540893e-05;0.9999839067459106;0.9999839205105548;0.9999839067459106;1;1;1
0.0075339078903198;0.0075339635898309;0.0075339674949645;0.9924660921096802;0.992466036410169;0.9924660325050354;1;1;1
0.0015773773193359;0.0015773879493209;0.0015773773193359;0.998422622680664;0.9984226120506788;0.998422622680664;1;1;1
0.0002349019050598;0.0002349179325413;0.0002349019050598;0.9997650980949402;0.9997650820674586;0.99976509809494;1;1;1
4.410743713378906e-05;4.41410796803e-05;4.41670417785e-05;0.9999558925628662;0.9999558589203196;0.9999558329582214;1;1;1
0.1994451284408569;0.1994451225474772;0.1994451284408569;0.8005548715591431;0.8005548774525227;0.800554871559143;1;1;1
0.0020719766616821;0.0020719209483723;0.0020719170570373;0.997928023338318;0.9979280790516276;0.9979280829429626;1;1;1
5.054473876953125e-05;5.05548421823e-05;5.05447387695e-05;0.9999494552612304;0.9999494451578176;0.9999494552612304;1;1;1
3.743171691894531e-05;3.7420507249e-05;3.74317169189e-05;0.999962568283081;0.9999625794927508;0.999962568283081;1;1;1
7.581710815429688e-05;7.57592559508e-05;7.57575035095e-05;0.9999241828918456;0.999924240744049;0.9999242424964904;1;1;1
0.0001332759857177;0.0001332385554629;0.0001332163810729;0.9998667240142822;0.999866761444537;0.999866783618927;1;1;1
0.0110870003700256;0.0110869926639313;0.0110870003700256;0.9889129996299744;0.9889130073360686;0.9889129996299744;1;1;1
2.7179718017578125e-05;2.71272486038e-05;2.71201133728e-05;0.9999728202819824;0.999972872751396;0.9999728798866272;1;1;1
0.0015349388122558;0.0015349796761129;0.0015349984169006;0.998465061187744;0.9984650203238872;0.9984650015830993;1;1;1
0.0002933144569396;0.0002933312929703;0.0002933144569396;0.9997066855430604;0.9997066687070296;0.9997066855430604;1;1;1
0.0170184969902038;0.0170184504244302;0.017018437385559;0.982981503009796;0.9829815495755696;0.9829815626144408;1;1;1
2.3245811462402344e-05;2.32240905891e-05;2.32458114624e-05;0.9999767541885376;0.9999767759094108;0.9999767541885376;1;1;1
0.0704439878463745;0.0704438834961403;0.0704439878463745;0.9295560121536256;0.9295561165038596;0.9295560121536254;1;1;1
5.7220458984375e-05;5.72309746863e-05;5.72204589843e-05;0.9999427795410156;0.9999427690253136;0.9999427795410156;1;1;1
0.0009901523590087;0.0009900983670038;0.000990092754364;0.9990098476409912;0.9990099016329962;0.999009907245636;1;1;1
0.0031740665435791;0.0031741096522877;0.0031741261482238;0.9968259334564208;0.9968258903477122;0.996825873851776;1;1;1
0.0006257891654968;0.0006258235680054;0.0006258487701416;0.9993742108345032;0.9993741764319944;0.9993741512298584;1;1;1
0.0004963874816894;0.0004963975567439;0.0004963874816894;0.9995036125183104;0.999503602443256;0.9995036125183104;1;1;1
0.0857200622558593;0.0857201030737596;0.0857201218605041;0.9142799377441406;0.9142798969262402;0.9142798781394958;1;1;1
0.0424755811691284;0.0424755738416354;0.0424755811691284;0.9575244188308716;0.9575244261583644;0.9575244188308716;1;1;1
0.0032053589820861;0.0032053705137353;0.0032053589820861;0.9967946410179138;0.9967946294862644;0.9967946410179138;1;1;1
0.0129625797271728;0.0129625197441963;0.012962520122528;0.9870374202728271;0.9870374802558036;0.987037479877472;1;1;1
0.0025638937950134;0.0025638949061952;0.0025638937950134;0.9974361062049866;0.9974361050938046;0.9974361062049864;1;1;1
0.0005348324775695;0.0005348749188244;0.0005348920822143;0.9994651675224304;0.9994651250811756;0.9994651079177856;1;1;1
4.565715789794922e-05;4.57062125372e-05;4.57167625427e-05;0.999954342842102;0.9999542937874628;0.9999542832374572;1;1;1
0.0001131296157836;0.0001130810776028;0.0001130700111389;0.9998868703842164;0.999886918922397;0.999886929988861;1;1;1
2.968311309814453e-05;2.9659138488e-05;2.96831130981e-05;0.999970316886902;0.9999703408615118;0.9999703168869019;1;1;1
0.0018655061721801;0.0018654346943197;0.0018654465675354;0.9981344938278198;0.9981345653056802;0.9981345534324644;1;1;1
0.0055001974105834;0.0055002085591657;0.0055001974105834;0.9944998025894164;0.994499791440834;0.9944998025894164;1;1;1
0.0067984461784362;0.0067984607391503;0.0067984461784362;0.9932015538215636;0.9932015392608496;0.9932015538215636;1;1;1
5.7220458984375e-05;5.72187884492e-05;5.72204589843e-05;0.9999427795410156;0.9999427812115508;0.9999427795410156;1;1;1
0.0002307295799255;0.0002307414816209;0.0002307295799255;0.9997692704200744;0.999769258518379;0.9997692704200744;1;1;1
6.651878356933594e-05;6.651862904e-05;6.65187835693e-05;0.9999334812164308;0.9999334813709598;0.9999334812164306;1;1;1
0.004326045513153;0.0043259871146525;0.0043259859085083;0.9956739544868468;0.9956740128853472;0.9956740140914916;1;1;1
2.3484230041503903e-05;2.35292137091e-05;2.35438346862e-05;0.9999765157699584;0.9999764707862908;0.9999764561653136;1;1;1
5.257129669189453e-05;5.25255233067e-05;5.25116920471e-05;0.999947428703308;0.9999474744766932;0.9999474883079528;1;1;1
0.0012696385383605;0.0012695967140305;0.0012695789337158;0.9987303614616394;0.9987304032859692;0.998730421066284;1;1;1
0.0001516342163085;0.0001515561444493;0.0001515746116638;0.9998483657836914;0.9998484438555506;0.999848425388336;1;1;1
0.0021128058433532;0.0021128198327959;0.0021128058433532;0.9978871941566468;0.997887180167204;0.9978871941566468;1;1;1
0.0021120905876159;0.0021121124627417;0.0021120905876159;0.997887909412384;0.997887887537258;0.997887909412384;1;1;1
9.310245513916016e-05;9.3071723384e-05;9.30428504943e-05;0.9999068975448608;0.999906928276616;0.9999069571495056;1;1;1
0.0223473310470581;0.0223473241353098;0.0223473310470581;0.977652668952942;0.9776526758646902;0.9776526689529418;1;1;1
0.000228464603424;0.0002284882409845;0.000228464603424;0.999771535396576;0.9997715117590152;0.999771535396576;1;1;1
0.0010982751846313;0.0010982853713159;0.0010982751846313;0.9989017248153688;0.998901714628684;0.9989017248153687;1;1;1
3.075599670410156e-05;3.07446903292e-05;3.07559967041e-05;0.999969244003296;0.9999692553096708;0.9999692440032958;1;1;1
5.805492401123047e-05;5.80482129088e-05;5.80549240112e-05;0.9999419450759888;0.9999419517870912;0.9999419450759888;1;1;1
0.0021290779113769;0.0021290196244218;0.0021290183067321;0.997870922088623;0.9978709803755782;0.9978709816932678;1;1;1
0.0001282691955566;0.0001282146819769;0.0001282095909118;0.9998717308044434;0.9998717853180228;0.999871790409088;1;1;1
0.0005780458450317;0.000578088837754;0.0005781054496765;0.9994219541549684;0.999421911162246;0.9994218945503234;1;1;1
1.5974044799804688e-05;1.59475971972e-05;1.59740447998e-05;0.9999840259552002;0.9999840524028027;0.9999840259552;1;1;1
2.5033950805664062e-05;2.50088169617e-05;2.50339508056e-05;0.9999749660491944;0.999974991183038;0.9999749660491944;1;1;1
0.0001254081726074;0.0001253779605546;0.0001253485679626;0.9998745918273926;0.9998746220394452;0.9998746514320372;1;1;1
0.0004818439483642;0.0004818846728912;0.000481903553009;0.9995181560516356;0.9995181153271088;0.9995180964469907;1;1;1
4.470348358154297e-05;4.47263966875e-05;4.47034835815e-05;0.9999552965164183;0.9999552736033124;0.9999552965164183;1;1;1
3.707408905029297e-05;3.70556659458e-05;3.70740890502e-05;0.9999629259109496;0.999962944334054;0.9999629259109496;1;1;1
5.316734313964844e-05;5.31461358108e-05;5.31673431396e-05;0.9999468326568604;0.9999468538641892;0.9999468326568604;1;1;1
9.143352508544922e-05;9.13948725621e-05;9.13739204406e-05;0.9999085664749146;0.9999086051274378;0.9999086260795592;1;1;1
0.0004383921623229;0.0004383265497801;0.0004383325576782;0.999561607837677;0.9995616734502196;0.9995616674423216;1;1;1
2.777576446533203e-05;2.78345560028e-05;2.78353691101e-05;0.9999722242355348;0.9999721654439973;0.9999721646308898;1;1;1
0.0029923319816589;0.0029923499843803;0.0029923319816589;0.9970076680183412;0.9970076500156196;0.997007668018341;1;1;1
0.0045424699783325;0.0045425218280593;0.0045425295829772;0.9954575300216676;0.9954574781719406;0.9954574704170228;1;1;1
0.0623009204864501;0.0623009245221314;0.0623009204864501;0.9376990795135498;0.9376990754778683;0.9376990795135498;1;1;1
4.911422729492188e-05;4.90870182826e-05;4.91142272949e-05;0.9999508857727052;0.9999509129817172;0.999950885772705;1;1;1
0.0037201046943664;0.0037200532062581;0.0037200450897216;0.9962798953056335;0.9962799467937418;0.9962799549102784;1;1;1
0.0002968907356262;0.0002969007977212;0.0002968907356262;0.9997031092643738;0.9997030992022788;0.9997031092643736;1;1;1
0.2057202458381652;0.2057202645657061;0.2057202458381652;0.7942797541618347;0.7942797354342938;0.7942797541618347;1;1;1
0.0017055869102478;0.0017055570517845;0.001705527305603;0.9982944130897522;0.9982944429482155;0.9982944726943968;1;1;1
0.0018671154975891;0.0018670896393724;0.0018671154975891;0.9981328845024108;0.9981329103606276;0.9981328845024108;1;1;1
0.0102424621582031;0.0102424016641411;0.0102424025535583;0.9897575378417968;0.9897575983358587;0.9897575974464417;1;1;1
0.0227981209754943;0.0227980689024382;0.0227980613708496;0.9772018790245056;0.9772019310975616;0.9772019386291504;1;1;1
0.0001059770584106;0.0001059416386384;0.0001059174537658;0.9998940229415894;0.9998940583613616;0.999894082546234;1;1;1
0.0011238455772399;0.0011238585265034;0.0011238455772399;0.99887615442276;0.9988761414734966;0.99887615442276;1;1;1
0.0028501152992248;0.0028501172350616;0.0028501152992248;0.9971498847007751;0.9971498827649384;0.9971498847007751;1;1;1
0.0009773969650268;0.0009773364237775;0.000977337360382;0.9990226030349731;0.9990226635762224;0.999022662639618;1;1;1
0.001177966594696;0.0011779542627677;0.001177966594696;0.998822033405304;0.998822045737232;0.998822033405304;1;1;1
0.0014017224311828;0.0014017122970795;0.0014017224311828;0.9985982775688172;0.9985982877029204;0.9985982775688172;1;1;1
0.0924950838088989;0.0924949852773807;0.0924950838088989;0.9075049161911012;0.9075050147226192;0.907504916191101;1;1;1
0.0026852488517761;0.0026852016044934;0.0026851892471313;0.997314751148224;0.9973147983955064;0.9973148107528687;1;1;1
0.0027733445167541;0.0027732765941766;0.0027732849121093;0.9972266554832458;0.9972267234058232;0.9972267150878906;1;1;1
0.0700236558914184;0.0700235443982291;0.0700235962867736;0.9299763441085817;0.9299764556017708;0.9299764037132264;1;1;1
0.0029368996620178;0.0029368766007686;0.0029368996620178;0.9970631003379822;0.9970631233992312;0.997063100337982;1;1;1
0.002345323562622;0.0023453105935984;0.002345323562622;0.997654676437378;0.9976546894064015;0.997654676437378;1;1;1
0.118006944656372;0.1180068139124274;0.1180068850517272;0.8819930553436279;0.8819931860875726;0.8819931149482727;1;1;1
5.412101745605469e-05;5.41525452231e-05;5.41806221008e-05;0.999945878982544;0.9999458474547768;0.9999458193778992;1;1;1
0.0047881603240966;0.0047881279558636;0.0047881603240966;0.9952118396759032;0.9952118720441362;0.9952118396759032;1;1;1
1.4185905456542969e-05;1.42273202586e-05;1.42455101013e-05;0.9999858140945436;0.9999857726797412;0.9999857544898986;1;1;1
2.396106719970703e-05;2.40168454633e-05;1.97291374206e-05;0.9999760389328004;0.9999759831545366;0.9999802708625792;1;1;1
0.0001522302627563;0.0001522335723508;0.0001522302627563;0.9998477697372437;0.999847766427649;0.9998477697372437;1;1;1
0.2086811661720276;0.2086811507135892;0.2086811661720275;0.7913188338279724;0.7913188492864106;0.7913188338279724;1;1;1
8.225440979003906e-05;8.22959530992e-05;8.23140144348e-05;0.99991774559021;0.9999177040469008;0.9999176859855652;1;1;1
0.0042570233345031;0.0042569834809569;0.0042569637298583;0.9957429766654968;0.995743016519043;0.9957430362701416;1;1;1
0.0024189949035644;0.0024189447192923;0.0024189352989196;0.9975810050964355;0.9975810552807076;0.9975810647010804;1;1;1
8.177757263183594e-05;8.1812462217e-05;8.18371772766e-05;0.9999182224273682;0.9999181875377828;0.9999181628227232;1;1;1
0.0187061429023742;0.0187060787486815;0.0187061429023742;0.9812938570976256;0.9812939212513184;0.9812938570976256;1;1;1
0.0007787942886352;0.0007787801614342;0.0007787942886352;0.9992212057113647;0.9992212198385656;0.9992212057113647;1;1;1
0.0401493310928344;0.0401493910004521;0.0401493906974792;0.9598506689071656;0.9598506089995478;0.9598506093025208;1;1;1
3.2782554626464844e-05;3.27906586889e-05;3.27825546264e-05;0.9999672174453736;0.999967209341311;0.9999672174453736;1;1;1
0.0111952424049377;0.011195238258112;0.0111952424049377;0.9888047575950624;0.9888047617418878;0.9888047575950621;1;1;1
0.0013332366943359;0.001333258254672;0.0013332366943359;0.998666763305664;0.998666741745328;0.998666763305664;1;1;1
5.161762237548828e-05;5.16125905549e-05;5.16176223754e-05;0.9999483823776244;0.9999483874094448;0.9999483823776244;1;1;1
6.008148193359375e-05;6.01078838611e-05;6.00814819335e-05;0.9999399185180664;0.9999398921161388;0.9999399185180664;1;1;1
4.5418739318847656e-05;4.54253925923e-05;4.54187393188e-05;0.9999545812606812;0.9999545746074076;0.9999545812606812;1;1;1
0.0087451934814453;0.008745125708623;0.0087451338768005;0.9912548065185548;0.9912548742913768;0.9912548661231994;1;1;1
0.0141610503196716;0.0141610575551723;0.0141611099243164;0.9858389496803284;0.9858389424448276;0.9858388900756836;1;1;1
0.0112944245338439;0.0112944761906261;0.0112944841384887;0.988705575466156;0.9887055238093738;0.9887055158615112;1;1;1
0.0006715059280395;0.0006715258104432;0.0006715059280395;0.9993284940719604;0.9993284741895568;0.9993284940719604;1;1;1
0.0012985467910766;0.0012985735134084;0.0012985467910766;0.9987014532089232;0.9987014264865915;0.9987014532089232;1;1;1
3.4332275390625e-05;3.42975921102e-05;3.42726707458e-05;0.9999656677246094;0.9999657024078898;0.999965727329254;1;1;1
0.0001150369644165;0.0001150757833807;0.0001150965690612;0.9998849630355836;0.9998849242166192;0.9998849034309388;1;1;1
0.0067178010940551;0.0067177451895057;0.0067177414894104;0.9932821989059448;0.9932822548104941;0.9932822585105896;1;1;1
0.1073416471481323;0.107341480291584;0.1073416471481323;0.8926583528518677;0.8926585197084159;0.8926583528518676;1;1;1
0.0029424428939819;0.0029424919466096;0.0029425024986267;0.997057557106018;0.9970575080533904;0.9970574975013732;1;1;1
0.0017052292823791;0.0017052524182333;0.0017052292823791;0.9982947707176208;0.9982947475817664;0.9982947707176208;1;1;1
2.8014183044433597e-05;2.79868004023e-05;2.80141830444e-05;0.9999719858169556;0.9999720131995976;0.9999719858169556;1;1;1
0.0002482533454895;0.0002482918944248;0.0002483129501342;0.9997517466545104;0.999751708105575;0.9997516870498656;1;1;1
8.058547973632812e-05;8.06208327959e-05;8.06450843811e-05;0.9999194145202636;0.999919379167204;0.9999193549156188;1;1;1
0.0001367330551147;0.0001367138485618;0.0001367330551147;0.9998632669448853;0.9998632861514382;0.9998632669448853;1;1;1
0.0229484438896179;0.0229484272062093;0.0229484438896179;0.977051556110382;0.9770515727937906;0.977051556110382;1;1;1
0.0015662312507629;0.0015661948817571;0.0015661716461181;0.9984337687492372;0.9984338051182428;0.9984338283538818;1;1;1
0.0459790229797363;0.0459790175593477;0.0459790229797363;0.9540209770202636;0.9540209824406523;0.9540209770202636;1;1;1
0.0004088282585144;0.000408782502601;0.0004087686538696;0.9995911717414856;0.9995912174973988;0.9995912313461304;1;1;1
0.0005085468292236;0.0005084817082009;0.0005084872245788;0.9994914531707764;0.999491518291799;0.9994915127754213;1;1;1
0.0010912418365478;0.0010912948303882;0.0010913014411926;0.998908758163452;0.9989087051696116;0.9989086985588072;1;1;1
0.0001091957092285;0.0001091651590503;0.0001091361045837;0.9998908042907716;0.9998908348409496;0.9998908638954161;1;1;1
2.1457672119140625e-05;2.15131697438e-05;2.15172767639e-05;0.9999785423278807;0.9999784868302563;0.999978482723236;1;1;1
0.0008306503295898;0.0008306552048028;0.0008306503295898;0.9991693496704102;0.9991693447951971;0.99916934967041;1;1;1
0.0078356266021728;0.0078355511317856;0.007835566997528;0.9921643733978271;0.9921644488682142;0.992164433002472;1;1;1
0.0059886574745178;0.0059886501936764;0.0059886574745178;0.9940113425254822;0.9940113498063236;0.994011342525482;1;1;1
0.0006153583526611;0.0006153388950784;0.0006153583526611;0.9993846416473388;0.9993846611049214;0.9993846416473388;1;1;1
0.000404417514801;0.0004044606877199;0.0004044771194458;0.999595582485199;0.99959553931228;0.999595522880554;1;1;1
9.870529174804688e-05;9.86719296232e-05;9.86456871032e-05;0.999901294708252;0.9999013280703768;0.9999013543128968;1;1;1
0.0001231431961059;0.0001231304484222;0.0001231431961059;0.999876856803894;0.9998768695515776;0.999876856803894;1;1;1
6.413459777832031e-05;6.41665780339e-05;6.4194202423e-05;0.9999358654022216;0.999935833421966;0.9999358057975768;1;1;1
0.0014938712120056;0.0014938409991002;0.0014938712120056;0.9985061287879944;0.9985061590008998;0.9985061287879944;1;1;1
0.0001937747001647;0.0001937832809267;0.0001937747001647;0.9998062252998352;0.9998062167190732;0.9998062252998352;1;1;1
0.0260950922966003;0.0260950671361876;0.0260950922966003;0.9739049077033995;0.9739049328638122;0.9739049077033995;1;1;1
0.0173326134681701;0.0173325684324117;0.0173325538635253;0.9826673865318298;0.9826674315675882;0.9826674461364746;1;1;1
5.078315734863281e-05;5.07444806971e-05;5.07235527038e-05;0.9999492168426514;0.9999492555193028;0.999949276447296;1;1;1
8.296966552734375e-05;8.29350612687e-05;8.29100608825e-05;0.9999170303344728;0.9999170649387312;0.9999170899391174;1;1;1
0.0003087520599365;0.0003088346265656;0.0003088116645812;0.9996912479400636;0.9996911653734344;0.9996911883354188;1;1;1
5.4836273193359375e-05;5.48098661822e-05;5.48362731933e-05;0.9999451637268066;0.9999451901338176;0.9999451637268066;1;1;1
0.0001783967018127;0.0001784585070976;0.0001784563064575;0.9998216032981871;0.9998215414929024;0.9998215436935424;1;1;1
2.014636993408203e-05;2.01332298344e-05;2.0146369934e-05;0.999979853630066;0.9999798667701656;0.999979853630066;1;1;1
0.0029924511909484;0.0029924150491057;0.0029923915863037;0.9970075488090516;0.9970075849508943;0.9970076084136962;1;1;1
9.03606414794922e-05;9.03067985725e-05;9.03010368347e-05;0.9999096393585204;0.9999096932014272;0.9999096989631652;1;1;1
0.0043796896934509;0.0043797116355386;0.0043796896934509;0.9956203103065492;0.9956202883644614;0.995620310306549;1;1;1
0.0202953815460205;0.0202953693428963;0.0202953815460205;0.9797046184539796;0.9797046306571036;0.9797046184539794;1;1;1
0.0002197623252868;0.0002197376035615;0.0002197623252868;0.9997802376747132;0.9997802623964384;0.9997802376747132;1;1;1
9.679794311523438e-05;9.68472819372e-05;9.685754776e-05;0.9999032020568848;0.9999031527180626;0.99990314245224;1;1;1
0.001480758190155;0.0014807473823787;0.001480758190155;0.998519241809845;0.9985192526176212;0.9985192418098447;1;1;1
0.2045481204986572;0.2045481634685741;0.204548180103302;0.7954518795013428;0.7954518365314258;0.7954518198966979;1;1;1
8.666515350341797e-05;8.66673741745e-05;8.66651535034e-05;0.9999133348464966;0.9999133326258254;0.9999133348464964;1;1;1
1.0848045349121094e-05;1.0827352644e-05;1.08480453491e-05;0.9999891519546508;0.999989172647356;0.9999891519546508;1;1;1
9.226799011230467e-05;9.22533386864e-05;9.22679901123e-05;0.9999077320098876;0.9999077466613135;0.9999077320098876;1;1;1
0.0002267956733703;0.0002268134532013;0.0002267956733703;0.9997732043266296;0.9997731865467986;0.9997732043266296;1;1;1
0.0230636000633239;0.02306355609279;0.0230636000633239;0.976936399936676;0.97693644390721;0.976936399936676;1;1;1
5.984306335449219e-05;5.98862154593e-05;5.99026679992e-05;0.9999401569366456;0.9999401137845406;0.9999400973320008;1;1;1
0.0006616711616516;0.0006616629396954;0.0006616711616516;0.9993383288383484;0.9993383370603044;0.9993383288383484;1;1;1
0.0023714900016784;0.0023715105163257;0.0023714900016784;0.9976285099983216;0.997628489483674;0.9976285099983216;1;1;1
8.165836334228516e-05;8.1601085306e-05;8.15987586975e-05;0.9999183416366576;0.9999183989146938;0.9999184012413024;1;1;1
7.748603820800781e-05;7.74676635739e-05;7.7486038208e-05;0.999922513961792;0.999922532336426;0.999922513961792;1;1;1
5.4836273193359375e-05;5.48019450796e-05;5.47766685485e-05;0.9999451637268066;0.9999451980549204;0.9999452233314514;1;1;1
0.0002116560935974;0.0002116417945631;0.0002116560935974;0.9997883439064026;0.9997883582054368;0.9997883439064024;1;1;1
5.233287811279297e-05;5.23272106072e-05;5.23328781127e-05;0.9999476671218872;0.9999476727893928;0.9999476671218872;1;1;1
7.152557373046875e-05;7.14937946157e-05;7.14659690856e-05;0.9999284744262696;0.999928506205384;0.9999285340309144;1;1;1
0.191771388053894;0.1917713538952002;0.191771388053894;0.808228611946106;0.8082286461047997;0.8082286119461058;1;1;1
0.0057956576347351;0.0057956266861641;0.0057956576347351;0.9942043423652648;0.9942043733138358;0.9942043423652648;1;1;1
9.512901306152344e-05;9.51018342368e-05;9.51290130615e-05;0.9999048709869384;0.9999048981657632;0.9999048709869384;1;1;1
5.078315734863281e-05;5.0759676381e-05;5.07831573486e-05;0.9999492168426514;0.9999492403236188;0.9999492168426511;1;1;1
0.0033196210861206;0.0033196742418485;0.0033196806907653;0.9966803789138794;0.9966803257581512;0.9966803193092346;1;1;1
0.0050063729286193;0.0050063421255827;0.0050063729286193;0.9949936270713806;0.9949936578744172;0.9949936270713806;1;1;1
0.0007409453392028;0.0007408882544391;0.0007408857345581;0.9992590546607972;0.9992591117455608;0.9992591142654418;1;1;1
0.0234633684158325;0.0234633876906356;0.0234633684158325;0.9765366315841676;0.9765366123093644;0.9765366315841674;1;1;1
7.56978988647461e-05;7.57081837737e-05;7.56978988647e-05;0.9999243021011353;0.999924291816226;0.9999243021011353;1;1;1
4.088878631591797e-05;4.09044110081e-05;4.08887863159e-05;0.999959111213684;0.9999590955889917;0.999959111213684;1;1;1
8.320808410644531e-05;8.31447651616e-05;8.31484794616e-05;0.9999167919158936;0.9999168552348384;0.9999168515205384;1;1;1
0.0038263201713562;0.003826288241795;0.0038263201713562;0.9961736798286438;0.9961737117582048;0.9961736798286436;1;1;1
0.0001164674758911;0.0001164882514737;0.0001164674758911;0.9998835325241088;0.9998835117485264;0.9998835325241088;1;1;1
0.0002216696739196;0.0002216308893101;0.0002216100692749;0.9997783303260804;0.9997783691106898;0.999778389930725;1;1;1
5.328655242919922e-05;5.32417254469e-05;5.32269477844e-05;0.9999467134475708;0.9999467582745531;0.9999467730522156;1;1;1
0.0103147029876708;0.010314708554638;0.0103147625923156;0.9896852970123292;0.989685291445362;0.9896852374076844;1;1;1
0.0338668227195739;0.0338667004644767;0.0338667631149291;0.966133177280426;0.9661332995355232;0.9661332368850708;1;1;1
0.0011244416236877;0.0011243792068686;0.0011243820190429;0.9988755583763124;0.9988756207931312;0.998875617980957;1;1;1
0.0101678371429443;0.0101677918875553;0.0101677775382995;0.9898321628570556;0.9898322081124445;0.9898322224617004;1;1;1
0.0005781650543212;0.0005782315749011;0.000578224658966;0.9994218349456788;0.9994217684250988;0.999421775341034;1;1;1
9.310245513916016e-05;9.30789439064e-05;9.31024551391e-05;0.9999068975448608;0.9999069210560936;0.9999068975448608;1;1;1
6.92605972290039e-05;6.93058100317e-05;6.93202018737e-05;0.999930739402771;0.9999306941899682;0.9999306797981262;1;1;1
0.0002259612083435;0.0002259556057652;0.0002259612083435;0.9997740387916564;0.9997740443942348;0.9997740387916564;1;1;1
0.1786656379699707;0.1786657048287324;0.1786656975746154;0.8213343620300293;0.8213342951712675;0.8213343024253845;1;1;1
0.0246808528900146;0.0246808090320318;0.0246808528900146;0.9753191471099854;0.975319190967968;0.9753191471099852;1;1;1
1.3947486877441406e-05;1.39974807842e-05;1.40070915222e-05;0.9999860525131226;0.9999860025192157;0.9999859929084776;1;1;1
0.0408684015274047;0.0408684634120846;0.0408684611320495;0.9591315984725952;0.9591315365879154;0.9591315388679504;1;1;1
0.0001012086868286;0.0001012424767242;0.0001012682914733;0.9998987913131714;0.9998987575232756;0.9998987317085266;1;1;1
0.0002920031547546;0.0002920302968625;0.0002920031547546;0.9997079968452454;0.9997079697031374;0.9997079968452453;1;1;1
0.0044584870338439;0.0044585530126383;0.0044585466384887;0.995541512966156;0.9955414469873616;0.9955414533615112;1;1;1
0.0003895163536071;0.0003895499504396;0.0003895759582519;0.9996104836463928;0.9996104500495604;0.999610424041748;1;1;1
6.556510925292969e-06;6.576280931e-06;6.5565109252e-06;0.9999934434890748;0.9999934237190689;0.9999934434890748;1;1;1
4.458427429199219e-05;4.45568304325e-05;4.45842742919e-05;0.999955415725708;0.9999554431695674;0.999955415725708;1;1;1
0.0001459121704101;0.0001459404373577;0.0001459121704101;0.9998540878295898;0.9998540595626424;0.9998540878295898;1;1;1
0.0002066493034362;0.0002066777075606;0.0002066493034362;0.9997933506965636;0.9997933222924392;0.9997933506965636;1;1;1
0.0012897253036499;0.0012897253401941;0.0012897253036499;0.99871027469635;0.9987102746598058;0.99871027469635;1;1;1
0.0038807392120361;0.0038807204676774;0.0038807392120361;0.996119260787964;0.9961192795323226;0.9961192607879638;1;1;1
3.1113624572753906e-05;3.10563341563e-05;3.10540199279e-05;0.9999688863754272;0.9999689436658435;0.999968945980072;1;1;1
0.0001301765441894;0.0001301701765327;0.0001301765441894;0.9998698234558104;0.9998698298234672;0.9998698234558104;1;1;1
0.0036401152610778;0.0036401105273897;0.0036401152610778;0.996359884738922;0.9963598894726102;0.996359884738922;1;1;1
0.0001041889190673;0.0001041462821248;0.0001041293144226;0.9998958110809326;0.9998958537178751;0.9998958706855772;1;1;1
7.534027099609375e-05;7.5289558717e-05;7.52806663513e-05;0.999924659729004;0.9999247104412828;0.9999247193336486;1;1;1
0.0003378391265869;0.0003377875522434;0.0003377795219421;0.9996621608734132;0.9996622124477564;0.9996622204780578;1;1;1
0.0001505613327026;0.0001505156863206;0.0001505017280578;0.9998494386672974;0.9998494843136791;0.999849498271942;1;1;1
0.0097537040710449;0.0097537507122835;0.0097537636756896;0.9902462959289552;0.9902462492877164;0.9902462363243104;1;1;1
9.226799011230467e-05;9.22533386864e-05;9.22679901123e-05;0.9999077320098876;0.9999077466613135;0.9999077320098876;1;1;1
0.0126044154167175;0.0126043607636067;0.0126043558120727;0.9873955845832824;0.9873956392363932;0.9873956441879272;1;1;1
2.9087066650390625e-05;2.91043611918e-05;2.90870666503e-05;0.9999709129333496;0.999970895638808;0.9999709129333496;1;1;1
0.0009928345680236;0.0009928927686927;0.0009928941726684;0.9990071654319764;0.9990071072313071;0.9990071058273317;1;1;1
0.0004525780677795;0.0004525710999604;0.0004525780677795;0.9995474219322203;0.9995474289000394;0.9995474219322203;1;1;1
0.0020304322242736;0.0020304470855335;0.0020304322242736;0.9979695677757264;0.9979695529144664;0.9979695677757264;1;1;1
2.646446228027344e-05;2.64366839006e-05;2.64644622802e-05;0.9999735355377196;0.9999735633160992;0.9999735355377196;1;1;1
0.0018595457077026;0.0018595465440319;0.0018595457077026;0.9981404542922974;0.998140453455968;0.9981404542922973;1;1;1
0.1375062465667724;0.1375062595413261;0.1375063061714172;0.8624937534332275;0.8624937404586738;0.8624936938285827;1;1;1
5.924701690673828e-05;5.92772937241e-05;5.93066215515e-05;0.9999407529830932;0.999940722706276;0.9999406933784484;1;1;1
0.0083811283111572;0.0083810652901147;0.0083810687065124;0.9916188716888428;0.9916189347098852;0.9916189312934875;1;1;1
4.673004150390625e-05;4.67396551523e-05;4.67300415039e-05;0.999953269958496;0.9999532603448475;0.999953269958496;1;1;1
0.0029352307319641;0.0029352332243332;0.0029352307319641;0.997064769268036;0.9970647667756668;0.9970647692680358;1;1;1
0.0823504328727722;0.0823504139066697;0.0823504924774169;0.9176495671272278;0.9176495860933302;0.917649507522583;1;1;1
0.0003855228424072;0.0003855373786028;0.0003855228424072;0.9996144771575928;0.9996144626213972;0.9996144771575928;1;1;1
0.0003002882003784;0.0003003156069066;0.0003002882003784;0.9996997117996216;0.9996996843930932;0.9996997117996216;1;1;1
0.0005053281784057;0.0005053449305728;0.0005053281784057;0.9994946718215942;0.9994946550694273;0.9994946718215942;1;1;1
0.0886416435241699;0.0886417388628241;0.0886417031288146;0.91135835647583;0.911358261137176;0.9113582968711852;1;1;1
3.910064697265625e-05;3.90723316465e-05;3.91006469726e-05;0.9999608993530272;0.9999609276683534;0.9999608993530272;1;1;1
0.0006552338600158;0.0006551944351234;0.000655174255371;0.999344766139984;0.9993448055648766;0.9993448257446288;1;1;1
0.7371394634246826;0.7371394863053451;0.7371394634246826;0.2628605365753174;0.2628605136946548;0.2628605365753173;0;0;0
0.5348260402679443;0.5348260919228655;0.5348260998725891;0.4651739299297333;0.4651739080771343;0.4651739001274108;0;0;0
0.5401023626327515;0.5401023751944452;0.5401024222373962;0.4598976075649261;0.4598976248055548;0.4598975777626037;0;0;0
0.2975355982780456;0.2975355561851089;0.2975355982780456;0.7024644017219543;0.702464443814891;0.7024644017219543;1;1;1
0.4906452894210815;0.4906452598529963;0.4906452894210815;0.5093547105789185;0.5093547401470035;0.5093547105789183;1;1;1
0.4799687266349792;0.4799686940899094;0.4799687266349792;0.5200312733650208;0.5200313059100905;0.5200312733650208;1;1;1
0.4076975584030151;0.407697540895602;0.4076974987983703;0.5923024415969849;0.5923024591043979;0.5923025012016296;1;1;1
0.3550282120704651;0.3550281997760404;0.355028212070465;0.6449717879295349;0.6449718002239595;0.6449717879295349;1;1;1
0.2729225754737854;0.272922539026665;0.2729225754737854;0.7270774245262146;0.7270774609733349;0.7270774245262145;1;1;1
0.1625345945358276;0.162534637317807;0.1625346541404724;0.8374654054641724;0.8374653626821928;0.8374653458595275;1;1;1
0.5296189785003662;0.5296190583162427;0.5296189785003662;0.4703810513019562;0.4703809416837572;0.4703810214996337;0;0;0
0.2795213460922241;0.2795212607858001;0.2795213460922241;0.7204786539077759;0.7204787392141998;0.7204786539077758;1;1;1
0.0812554359436035;0.0812554441305348;0.0812554359436035;0.9187445640563964;0.9187445558694652;0.9187445640563964;1;1;1
0.0466797351837158;0.0466798320690862;0.0466797947883605;0.9533202648162842;0.9533201679309136;0.9533202052116394;1;1;1
0.0697652101516723;0.069765226445294;0.0697652101516723;0.9302347898483276;0.9302347735547059;0.9302347898483276;1;1;1
0.3239498734474182;0.3239500225075508;0.3239498734474182;0.6760501265525818;0.6760499774924491;0.6760501265525817;1;1;1
0.1184242963790893;0.1184242083981716;0.1184242963790893;0.8815757036209106;0.8815757916018283;0.8815757036209106;1;1;1
0.7406206130981445;0.7406206458858617;0.7406206130981445;0.2593794167041778;0.2593793541141382;0.2593794167041778;0;0;0
0.0609281063079834;0.0609281016084082;0.0609281063079833;0.9390718936920166;0.9390718983915916;0.9390718936920166;1;1;1
0.3877151012420654;0.3877151092345558;0.3877151012420654;0.6122848987579346;0.6122848907654441;0.6122848987579345;1;1;1
0.3229907155036926;0.3229908070186466;0.3229907155036926;0.6770092844963074;0.6770091929813533;0.6770092844963073;1;1;1
0.3515638709068298;0.351563709293528;0.3515638709068298;0.6484361290931702;0.6484362907064719;0.64843612909317;1;1;1
0.3870918154716491;0.387091927152928;0.3870918750762939;0.6129081845283508;0.6129080728470719;0.612908124923706;1;1;1
0.4203417897224426;0.4203418698261984;0.4203417897224426;0.5796582102775574;0.5796581301738015;0.5796582102775573;1;1;1
0.0259598493576049;0.0259599121368785;0.0259599089622497;0.974040150642395;0.9740400878631216;0.9740400910377502;1;1;1
0.0579931139945983;0.0579930776489715;0.0579931139945983;0.9420068860054016;0.9420069223510285;0.9420068860054016;1;1;1
0.2182547450065612;0.2182546195008745;0.2182547450065612;0.7817452549934387;0.7817453804991255;0.7817452549934387;1;1;1
0.1227272152900695;0.1227271711529632;0.1227271556854248;0.8772727847099304;0.8772728288470366;0.8772728443145751;1;1;1
0.2432292699813842;0.2432292061907894;0.2432292699813842;0.7567707300186157;0.7567707938092105;0.7567707300186157;1;1;1
0.0668018460273742;0.0668017757733545;0.0668017864227294;0.9331981539726256;0.9331982242266454;0.9331982135772704;1;1;1
0.073788046836853;0.0737879725280884;0.073788046836853;0.926211953163147;0.9262120274719116;0.9262119531631468;1;1;1
0.2639752030372619;0.2639751659281216;0.2639752030372619;0.736024796962738;0.7360248340718784;0.736024796962738;1;1;1
0.1805397868156433;0.1805397748193409;0.1805397868156433;0.8194602131843567;0.8194602251806591;0.8194602131843566;1;1;1
0.3498929738998413;0.3498930174953436;0.3498929738998413;0.6501070261001587;0.6501069825046563;0.6501070261001586;1;1;1
0.2128152251243591;0.2128152575134642;0.2128152251243591;0.7871847748756409;0.7871847424865357;0.7871847748756408;1;1;1
0.0143341422080993;0.0143340917632635;0.0143341422080993;0.9856658577919006;0.9856659082367364;0.9856658577919006;1;1;1
0.4129126667976379;0.4129127748212688;0.4129126667976379;0.5870873332023621;0.5870872251787311;0.587087333202362;1;1;1
0.4099012613296509;0.4099012129459007;0.4099012017250061;0.5900987386703491;0.5900987870540992;0.5900987982749938;1;1;1
0.2403604388236999;0.2403604005319382;0.2403603792190551;0.7596395611763;0.7596395994680617;0.7596396207809448;1;1;1
0.070323646068573;0.0703236357857158;0.0703237056732177;0.929676353931427;0.929676364214284;0.9296762943267822;1;1;1
0.0781843662261962;0.0781843263455658;0.0781843662261962;0.9218156337738036;0.9218156736544342;0.9218156337738036;1;1;1
0.377657949924469;0.3776579742716918;0.3776580095291137;0.622342050075531;0.6223420257283081;0.6223419904708862;1;1;1
0.0582520961761474;0.0582521754673008;0.0582520961761474;0.9417479038238524;0.9417478245326992;0.9417479038238524;1;1;1
0.5067482590675354;0.5067482680848717;0.5067481994628906;0.4932517409324646;0.4932517319151281;0.4932517707347869;0;0;0
0.0054861307144165;0.0054861552300605;0.0054861307144165;0.9945138692855836;0.9945138447699394;0.9945138692855834;1;1;1
0.1715242862701416;0.1715244143201009;0.1715243458747863;0.8284757137298584;0.8284755856798991;0.8284756541252136;1;1;1
0.6985791921615601;0.6985791279333025;0.6985791325569152;0.3014208376407623;0.3014208720666974;0.3014208674430847;0;0;0
0.2127123475074768;0.2127123401876919;0.2127123475074768;0.7872876524925232;0.787287659812308;0.7872876524925231;1;1;1
0.1813642382621765;0.1813642873125709;0.1813642978668212;0.8186357617378235;0.8186357126874291;0.8186357021331787;1;1;1
0.3994110822677612;0.3994111513225596;0.3994110822677612;0.6005889177322388;0.6005888486774403;0.6005889177322387;1;1;1
0.1887279748916626;0.188727907050696;0.1887279152870178;0.8112720251083374;0.8112720929493038;0.8112720847129821;1;1;1
0.7874687910079956;0.787468861723227;0.7874687910079956;0.2125311940908432;0.2125311382767728;0.212531179189682;0;0;0
0.3105025291442871;0.3105025297557099;0.3105025887489318;0.6894974708557129;0.68949747024429;0.6894974112510681;1;1;1
0.2386978864669799;0.2386978056998142;0.2386978864669799;0.76130211353302;0.7613021943001858;0.76130211353302;1;1;1
0.0281291604042053;0.028129162703639;0.0281291604042053;0.9718708395957948;0.9718708372963608;0.9718708395957946;1;1;1
0.3590192198753357;0.3590191920756686;0.3590191602706909;0.6409807801246643;0.6409808079243313;0.640980839729309;1;1;1
0.5851314067840576;0.5851314787914629;0.5851314067840576;0.4148686230182647;0.414868521208537;0.4148686230182647;0;0;0
0.3219477534294128;0.3219475013733457;0.3219477534294128;0.6780522465705872;0.6780524986266542;0.678052246570587;1;1;1
0.014977753162384;0.014977715844373;0.014977753162384;0.985022246837616;0.985022284155627;0.985022246837616;1;1;1
0.7902742624282837;0.7902742079139865;0.7902742624282836;0.2097257673740387;0.2097257920860134;0.2097257673740386;0;0;0
0.1613742113113403;0.1613741137221653;0.1613742113113403;0.8386257886886597;0.8386258862778346;0.8386257886886596;1;1;1
0.1460533738136291;0.1460532538342647;0.1460533738136291;0.8539466261863708;0.8539467461657352;0.8539466261863708;1;1;1
0.6020504832267761;0.6020505644649686;0.6020504832267761;0.3979495167732239;0.3979494355350313;0.3979495167732238;0;0;0
0.1499940156936645;0.1499940851849549;0.1499939560890197;0.8500059843063354;0.850005914815045;0.8500060439109802;1;1;1
0.2944328784942627;0.2944328765449832;0.2944328784942626;0.7055671215057373;0.7055671234550167;0.7055671215057373;1;1;1
0.7874687910079956;0.787468861723227;0.7874687910079956;0.2125311940908432;0.2125311382767728;0.212531179189682;0;0;0
0.3852693438529968;0.385269407643574;0.3852694034576416;0.6147306561470032;0.6147305923564259;0.6147305965423583;1;1;1
0.482507050037384;0.4825070899926044;0.4825071096420288;0.517492949962616;0.5174929100073955;0.5174928903579711;1;1;1
0.4616429209709167;0.4616429647888466;0.4616429209709167;0.5383570790290833;0.5383570352111533;0.5383570790290833;1;1;1
0.4520312547683716;0.4520314111705219;0.4520312547683715;0.5479687452316284;0.547968588829478;0.5479687452316284;1;1;1
0.2154480814933776;0.2154479637544897;0.2154480814933776;0.7845519185066223;0.7845520362455102;0.7845519185066223;1;1;1
0.1098531484603881;0.1098530245180328;0.1098530888557434;0.8901468515396118;0.8901469754819672;0.8901469111442565;1;1;1
0.0094268918037414;0.0094268348157364;0.0094268321990966;0.9905731081962584;0.9905731651842636;0.9905731678009032;1;1;1
0.0876903533935546;0.0876901935655941;0.0876903533935546;0.9123096466064452;0.9123098064344056;0.9123096466064452;1;1;1
0.4683855175971985;0.4683854608026019;0.4683854579925537;0.5316144824028015;0.531614539197398;0.5316145420074462;1;1;1
0.197046160697937;0.1970461081110024;0.197046160697937;0.802953839302063;0.8029538918889976;0.8029538393020629;1;1;1
0.0623489618301391;0.0623489280729023;0.0623489618301391;0.9376510381698608;0.9376510719270976;0.9376510381698608;1;1;1
0.2482598423957824;0.2482599181866848;0.2482599020004272;0.7517401576042175;0.7517400818133151;0.7517400979995728;1;1;1
0.5058889389038086;0.5058888202954835;0.5058889389038085;0.4941110908985138;0.4941111797045164;0.4941110908985137;0;0;0
0.1094793081283569;0.1094791756167328;0.1094792485237121;0.8905206918716431;0.8905208243832671;0.8905207514762878;1;1;1
0.4417679905891418;0.4417681037903098;0.4417680501937866;0.5582320094108582;0.55823189620969;0.5582319498062133;1;1;1
0.2941911816596985;0.2941911419517928;0.2941911816596984;0.7058088183403015;0.705808858048207;0.7058088183403015;1;1;1
0.189171552658081;0.1891714964042613;0.189171552658081;0.810828447341919;0.8108285035957385;0.810828447341919;1;1;1
0.0409752130508422;0.0409752627608059;0.0409752130508422;0.9590247869491576;0.959024737239194;0.9590247869491576;1;1;1
0.4387270212173462;0.4387269569567769;0.4387270212173461;0.5612729787826538;0.561273043043223;0.5612729787826538;1;1;1
0.6991674900054932;0.6991675042139937;0.699167490005493;0.3008325397968292;0.3008324957860062;0.3008325397968292;0;0;0
0.1009061336517334;0.1009060530829396;0.1009060740470886;0.8990938663482666;0.8990939469170603;0.8990939259529113;1;1;1
0.7228189706802368;0.7228189244984384;0.7228189706802368;0.2771810591220855;0.2771810755015615;0.2771810591220855;0;0;0
0.4457849264144897;0.44578491769072;0.4457849264144897;0.5542150735855103;0.5542150823092798;0.5542150735855103;1;1;1
0.0094767212867736;0.0094766524674169;0.0094766616821289;0.9905232787132264;0.9905233475325832;0.990523338317871;1;1;1
0.0686510205268859;0.0686510465482733;0.0686510205268859;0.931348979473114;0.9313489534517266;0.931348979473114;1;1;1
0.3813700675964355;0.381370077366901;0.3813700675964355;0.6186299324035645;0.6186299226330989;0.6186299324035645;1;1;1
0.0269833803176879;0.0269834404485893;0.0269834399223327;0.973016619682312;0.9730165595514106;0.9730165600776672;1;1;1
0.0175121426582336;0.0175120697470096;0.0175120830535888;0.9824878573417664;0.9824879302529902;0.9824879169464112;1;1;1
0.0705128908157348;0.0705128226831773;0.0705128908157348;0.9294871091842652;0.9294871773168226;0.9294871091842652;1;1;1
0.2458484172821045;0.2458484677819815;0.2458484768867492;0.7541515827178955;0.7541515322180184;0.7541515231132507;1;1;1
0.2970677614212036;0.2970677626238674;0.2970677018165588;0.7029322385787964;0.7029322373761325;0.702932298183441;1;1;1
0.4124279022216797;0.4124279822874871;0.4124279022216796;0.5875720977783203;0.5875720177125128;0.5875720977783203;1;1;1
0.3175485134124756;0.3175484935816885;0.3175484538078308;0.6824514865875244;0.6824515064183113;0.6824515461921691;1;1;1
0.1455212235450744;0.1455211979593692;0.1455211639404296;0.8544787764549255;0.8544788020406308;0.8544788360595703;1;1;1
0.3693394064903259;0.3693395144380296;0.3693394660949707;0.6306605935096741;0.6306604855619703;0.6306605339050292;1;1;1
0.3733782172203064;0.3733783494063534;0.3733782172203063;0.6266217827796936;0.6266216505936465;0.6266217827796936;1;1;1
0.3424709439277649;0.342470917630837;0.3424709439277648;0.6575290560722351;0.6575290823691629;0.6575290560722351;1;1;1
0.2788863778114319;0.2788863391945945;0.2788863778114318;0.7211136221885681;0.7211136608054054;0.7211136221885681;1;1;1
0.2279070019721985;0.2279069757885736;0.2279070019721984;0.7720929980278015;0.7720930242114263;0.7720929980278015;1;1;1
0.2173793911933899;0.2173794571603805;0.2173793911933898;0.7826206088066101;0.7826205428396193;0.7826206088066101;1;1;1
0.3248762488365173;0.3248763489529839;0.3248762488365173;0.6751237511634827;0.675123651047016;0.6751237511634826;1;1;1
0.0292776226997375;0.0292776802997205;0.0292776823043823;0.9707223773002625;0.9707223197002792;0.9707223176956176;1;1;1
0.2834840416908264;0.2834839572982181;0.2834840416908264;0.7165159583091736;0.7165160427017818;0.7165159583091735;1;1;1
0.0293492674827575;0.029349267125679;0.0293492674827575;0.9706507325172424;0.9706507328743208;0.9706507325172424;1;1;1
0.4478738903999328;0.4478739084068496;0.4478738903999328;0.5521261096000671;0.5521260915931503;0.5521261096000671;1;1;1
0.4268631935119629;0.4268631981033501;0.4268631935119628;0.5731368064880371;0.5731368018966498;0.5731368064880371;1;1;1
0.4468526244163513;0.4468527284896483;0.4468526244163513;0.5531473755836487;0.5531472715103516;0.5531473755836486;1;1;1
0.1720004677772522;0.1720004533886747;0.1720004677772521;0.8279995322227478;0.8279995466113252;0.8279995322227478;1;1;1
0.0937602519989013;0.0937603244126336;0.0937602519989013;0.9062397480010986;0.9062396755873664;0.9062397480010986;1;1;1
0.8016093969345093;0.8016094108586479;0.8016093969345092;0.1983906328678131;0.198390589141352;0.1983906179666519;0;0;0
0.1259362697601318;0.1259361333835411;0.1259362697601318;0.8740637302398682;0.8740638666164589;0.874063730239868;1;1;1
0.6469730138778687;0.6469730189911762;0.6469730138778687;0.3530269861221313;0.3530269810088237;0.3530269861221313;0;0;0
0.2392436265945434;0.2392435822017389;0.2392436265945434;0.7607563734054565;0.760756417798261;0.7607563734054565;1;1;1
0.057486355304718;0.0574864041351588;0.0574864149093627;0.942513644695282;0.9425135958648412;0.9425135850906372;1;1;1
0.1523723602294922;0.1523723690165533;0.1523723602294921;0.8476276397705078;0.8476276309834466;0.8476276397705078;1;1;1
0.2112160325050354;0.2112160002750695;0.2112159729003906;0.7887839674949646;0.7887839997249304;0.7887840270996093;1;1;1
0.451762318611145;0.4517623275409345;0.451762318611145;0.548237681388855;0.5482376724590654;0.5482376813888549;1;1;1
0.6336023211479187;0.6336022973014749;0.6336023807525634;0.3663976788520813;0.366397702698525;0.3663976490497589;0;0;0
0.0364071130752563;0.0364071049837094;0.0364071130752563;0.9635928869247437;0.9635928950162904;0.9635928869247437;1;1;1
0.3607553243637085;0.3607554470037694;0.3607553243637084;0.6392446756362915;0.6392445529962305;0.6392446756362915;1;1;1
0.0599493384361267;0.0599492387791387;0.0599493384361267;0.9400506615638732;0.9400507612208612;0.9400506615638732;1;1;1
0.1153459548950195;0.1153459011083105;0.1153460144996643;0.8846540451049805;0.8846540988916894;0.8846539855003356;1;1;1
0.1435157656669616;0.1435156583686486;0.1435157656669616;0.8564842343330383;0.8564843416313513;0.8564842343330383;1;1;1
0.2727653384208679;0.2727652921177285;0.2727653384208679;0.7272346615791321;0.7272347078822713;0.727234661579132;1;1;1
0.0923272371292114;0.0923272160811138;0.0923272967338562;0.9076727628707886;0.9076727839188862;0.9076727032661436;1;1;1
0.1747645735740661;0.174764530679883;0.1747645735740661;0.8252354264259338;0.8252354693201169;0.8252354264259338;1;1;1
0.2150591611862182;0.2150589669030669;0.2150591611862182;0.7849408388137817;0.784941033096933;0.7849408388137817;1;1;1
0.0279127955436706;0.0279127695482388;0.0279127955436706;0.9720872044563292;0.9720872304517612;0.9720872044563292;1;1;1
0.2763258814811706;0.2763260099770553;0.2763258814811706;0.7236741185188293;0.7236739900229446;0.7236741185188293;1;1;1
0.1476041674613952;0.1476041691767321;0.1476041078567504;0.8523958325386047;0.8523958308232678;0.8523958921432495;1;1;1
0.1356138586997985;0.1356138510524856;0.1356138586997985;0.8643861413002014;0.8643861489475142;0.8643861413002014;1;1;1
0.2969712615013122;0.2969712948179941;0.2969712615013122;0.7030287384986877;0.7030287051820058;0.7030287384986877;1;1;1
0.0935402512550354;0.0935401878308434;0.0935402512550354;0.9064597487449646;0.9064598121691564;0.9064597487449644;1;1;1
0.3091210722923279;0.309121006240559;0.3091210722923278;0.6908789277076721;0.690878993759441;0.6908789277076721;1;1;1
0.0305140614509582;0.0305141141721574;0.0305140614509582;0.9694859385490416;0.9694858858278426;0.9694859385490416;1;1;1
0.0262896418571472;0.0262896820788255;0.0262896418571472;0.9737103581428528;0.9737103179211744;0.9737103581428528;1;1;1
0.2493746280670166;0.2493744231127089;0.2493745684623718;0.7506253719329834;0.750625576887291;0.7506254315376281;1;1;1
0.4787248969078064;0.4787248841511644;0.4787248969078063;0.5212751030921936;0.5212751158488355;0.5212751030921936;1;1;1
0.2600657343864441;0.2600657351465475;0.260065734386444;0.7399342656135559;0.7399342648534524;0.7399342656135559;1;1;1
0.5811314582824707;0.5811315750218783;0.5811314582824707;0.4188685417175293;0.4188684249781216;0.4188685119152069;0;0;0
0.0324187874794006;0.0324187301775127;0.0324187278747558;0.9675812125205994;0.9675812698224872;0.967581272125244;1;1;1
0.3812335729598999;0.3812336247008964;0.3812335729598999;0.6187664270401001;0.6187663752991035;0.6187664270401;1;1;1
0.2336970567703247;0.2336971115748126;0.2336971163749694;0.7663029432296753;0.7663028884251873;0.7663028836250305;1;1;1
0.7165751457214355;0.7165751633241102;0.7165751457214355;0.283424824476242;0.2834248366758898;0.283424824476242;0;0;0
0.2559606432914734;0.2559605364653037;0.2559606432914733;0.7440393567085266;0.7440394635346962;0.7440393567085266;1;1;1
0.0174773931503295;0.0174773754413989;0.0174773931503295;0.9825226068496704;0.982522624558601;0.9825226068496704;1;1;1
0.0069671869277954;0.0069671901346727;0.0069671869277954;0.9930328130722046;0.9930328098653272;0.9930328130722044;1;1;1
0.5461862087249756;0.5461861955647839;0.5461862087249755;0.4538137912750244;0.4538138044352159;0.4538138210773468;0;0;0
0.081364631652832;0.0813646033794771;0.081364631652832;0.918635368347168;0.9186353966205228;0.918635368347168;1;1;1
0.053174078464508;0.0531740697716441;0.053174078464508;0.946825921535492;0.9468259302283556;0.946825921535492;1;1;1
0.8302165269851685;0.8302165523757951;0.8302165269851683;0.1697834730148315;0.1697834476242048;0.1697834730148315;0;0;0
0.4227880239486694;0.4227882255644547;0.4227880239486694;0.5772119760513306;0.5772117744355452;0.5772119760513305;1;1;1
0.0541211366653442;0.0541211936418093;0.054121196269989;0.9458788633346558;0.9458788063581905;0.9458788037300108;1;1;1
0.2321996092796325;0.2321996229841565;0.2321996092796325;0.7678003907203674;0.7678003770158435;0.7678003907203674;1;1;1
0.8076600432395935;0.8076600257644369;0.8076600432395935;0.1923399567604065;0.1923399742355631;0.1923399567604064;0;0;0
0.2702304124832153;0.2702304847451779;0.2702304124832153;0.7297695875167847;0.729769515254822;0.7297695875167846;1;1;1
0.0312560200691223;0.0312560045651328;0.0312560200691223;0.9687439799308776;0.968743995434867;0.9687439799308776;1;1;1
0.0316118597984313;0.0316118394658725;0.0316118597984313;0.9683881402015686;0.9683881605341276;0.9683881402015686;1;1;1
0.1554863452911377;0.1554863140806015;0.1554863452911376;0.8445136547088623;0.8445136859193985;0.8445136547088623;1;1;1
0.6930071115493774;0.6930071053801198;0.6930071115493774;0.3069929182529449;0.3069928946198801;0.3069929182529449;0;0;0
0.042702317237854;0.0427022870961394;0.042702317237854;0.957297682762146;0.9572977129038605;0.957297682762146;1;1;1
0.541602373123169;0.5416023753901275;0.541602373123169;0.4583975970745086;0.4583976246098725;0.4583975970745086;0;0;0
0.3671461343765259;0.3671462443844968;0.3671461343765258;0.6328538656234741;0.6328537556155032;0.6328538656234741;1;1;1
0.7998337149620056;0.799833754209274;0.7998337149620056;0.2001662701368332;0.2001662457907257;0.2001662701368331;0;0;0
0.0341091156005859;0.0341090930711952;0.0341091156005859;0.965890884399414;0.9658909069288046;0.965890884399414;1;1;1
0.2735427618026733;0.2735427693396901;0.2735428214073181;0.7264572381973267;0.7264572306603098;0.7264571785926818;1;1;1
0.2725727558135986;0.2725726438154575;0.2725727558135986;0.7274272441864014;0.7274273561845424;0.7274272441864013;1;1;1
0.4355378746986389;0.4355379547765619;0.4355378746986389;0.5644621253013611;0.564462045223438;0.564462125301361;1;1;1
0.0657876133918762;0.065787539885045;0.0657876133918762;0.9342123866081238;0.9342124601149548;0.9342123866081236;1;1;1
0.3158770799636841;0.315877297618586;0.315877079963684;0.6841229200363159;0.6841227023814139;0.6841229200363159;1;1;1
0.2049759030342102;0.2049758692461574;0.2049759030342102;0.7950240969657898;0.7950241307538425;0.7950240969657897;1;1;1
0.8026285171508789;0.8026285425937082;0.8026285171508789;0.1973714828491211;0.1973714574062917;0.1973714977502822;0;0;0
0.1692709326744079;0.1692709729591995;0.1692709326744079;0.830729067325592;0.8307290270408003;0.830729067325592;1;1;1
0.0662979483604431;0.0662978795867372;0.0662979483604431;0.9337020516395568;0.9337021204132628;0.9337020516395568;1;1;1
0.3452496528625488;0.3452497611147898;0.3452496528625488;0.6547503471374512;0.6547502388852101;0.6547503471374511;1;1;1
0.0291106700897216;0.0291106852906002;0.0291107296943664;0.9708893299102784;0.9708893147093997;0.9708892703056335;1;1;1
0.0060046315193176;0.0060046998678877;0.0060046911239624;0.9939953684806824;0.993995300132112;0.9939953088760376;1;1;1
0.207015573978424;0.2070156143347904;0.207015573978424;0.7929844260215759;0.7929843856652095;0.7929844260215759;1;1;1
0.2815414667129516;0.281541411596423;0.2815415263175964;0.7184585332870483;0.7184585884035769;0.7184584736824035;1;1;1
0.5182380676269531;0.5182379909892906;0.5182380676269531;0.4817619621753692;0.4817620090107092;0.4817619621753692;0;0;0
0.3174794912338257;0.317479370088229;0.3174794912338256;0.6825205087661743;0.6825206299117709;0.6825205087661743;1;1;1
0.7653034925460815;0.7653035164002702;0.7959112524986267;0.234696477651596;0.2346964835997297;0.2040887624025344;0;0;0
0.0366526842117309;0.03665259812762;0.0366526246070861;0.963347315788269;0.96334740187238;0.9633473753929138;1;1;1
0.1303779482841491;0.1303779333186203;0.1303779482841491;0.8696220517158508;0.8696220666813796;0.8696220517158508;1;1;1
0.3599642515182495;0.3599642498844741;0.3599642515182495;0.6400357484817505;0.6400357501155258;0.6400357484817504;1;1;1
0.1327281594276428;0.1327280853715584;0.1327281594276428;0.8672718405723572;0.8672719146284414;0.8672718405723571;1;1;1
0.4288309216499328;0.4288309641578714;0.4288309216499328;0.5711690783500671;0.5711690358421285;0.5711690783500671;1;1;1
0.8021160364151001;0.8021160305971973;0.8021160364151;0.1978839784860611;0.1978839694028027;0.197883978486061;0;0;0
0.3459704518318176;0.3459704564802485;0.3459703922271728;0.6540295481681824;0.6540295435197514;0.6540296077728271;1;1;1
0.2367967367172241;0.2367967836478647;0.2367967367172241;0.7632032632827759;0.7632032163521352;0.7632032632827758;1;1;1
0.1514244675636291;0.1514244857171477;0.1514244675636291;0.8485755324363708;0.8485755142828523;0.8485755324363708;1;1;1
0.4509909749031067;0.450990979165788;0.4509909749031066;0.5490090250968933;0.5490090208342119;0.5490090250968933;1;1;1
0.7740795016288757;0.774079513900239;0.7740795016288757;0.2259204983711242;0.225920486099761;0.2259204983711242;0;0;0
0.2019761800765991;0.201975908654578;0.2019761800765991;0.7980238199234009;0.7980240913454218;0.7980238199234008;1;1;1
0.1181702613830566;0.118170197213637;0.1181702613830566;0.8818297386169434;0.881829802786363;0.8818297386169432;1;1;1
0.3156594634056091;0.3156595520088377;0.3156594634056091;0.6843405365943909;0.6843404479911622;0.6843405365943908;1;1;1
0.0730746984481811;0.0730746191558856;0.0730747580528259;0.9269253015518188;0.9269253808441144;0.926925241947174;1;1;1
0.1674274802207946;0.1674273900697099;0.1674274206161499;0.8325725197792053;0.8325726099302899;0.83257257938385;1;1;1
0.1769733428955078;0.1769733308772827;0.1769733428955078;0.8230266571044922;0.823026669122717;0.8230266571044921;1;1;1
0.0555639266967773;0.0555639016371823;0.0555639266967773;0.9444360733032228;0.9444360983628176;0.9444360733032225;1;1;1
0.0574646592140197;0.0574646421999676;0.057464599609375;0.9425353407859802;0.9425353578000324;0.942535400390625;1;1;1
0.1749336719512939;0.1749335795708374;0.1749336123466491;0.825066328048706;0.8250664204291625;0.8250663876533508;1;1;1
0.0782337188720703;0.0782337342527535;0.0782336592674255;0.9217662811279296;0.9217662657472464;0.9217663407325744;1;1;1
0.0025174021720886;0.0025174798399738;0.0025174617767333;0.9974825978279114;0.997482520160026;0.9974825382232666;1;1;1
0.0494384169578552;0.0494383474797527;0.0494383573532104;0.9505615830421448;0.9505616525202472;0.9505616426467896;1;1;1
0.1056450009346008;0.1056449188573345;0.1056450009346008;0.8943549990653992;0.8943550811426653;0.8943549990653991;1;1;1
0.069891333580017;0.0698912196394398;0.069891333580017;0.9301086664199828;0.93010878036056;0.9301086664199828;1;1;1
0.379387617111206;0.3793877370636151;0.379387617111206;0.620612382888794;0.6206122629363848;0.620612382888794;1;1;1
0.2422820925712585;0.242282102346885;0.2422820925712585;0.7577179074287415;0.7577178976531149;0.7577179074287415;1;1;1
0.1375000476837158;0.1375000467882404;0.1375000476837158;0.8624999523162842;0.8624999532117595;0.8624999523162841;1;1;1
0.4409685730934143;0.440968441869159;0.4409685730934143;0.5590314269065857;0.5590315581308409;0.5590314269065856;1;1;1
0.2125381231307983;0.2125382070953885;0.2125381231307983;0.7874618768692017;0.7874617929046115;0.7874618768692015;1;1;1
0.2664433717727661;0.2664434441561659;0.2664433717727661;0.7335566282272339;0.733556555843834;0.7335566282272338;1;1;1
0.2280718088150024;0.2280717007026586;0.2280717492103576;0.7719281911849976;0.7719282992973413;0.7719282507896423;1;1;1
0.0920957326889038;0.0920957080649291;0.0920957326889038;0.9079042673110962;0.9079042919350708;0.907904267311096;1;1;1
0.4527086019515991;0.4527085531621284;0.4527086019515991;0.5472913980484009;0.5472914468378715;0.5472913980484008;1;1;1
0.1643701791763305;0.1643701890303053;0.1643701791763305;0.8356298208236694;0.8356298109696947;0.8356298208236694;1;1;1
0.5785320997238159;0.5785321107248392;0.5785321593284606;0.4214678704738617;0.4214678892751606;0.4214678406715393;0;0;0
0.813263475894928;0.8132635048989763;0.8132634758949279;0.1867365390062332;0.1867364951010237;0.1867365390062332;0;0;0
0.3366613388061523;0.3366614146766958;0.3366613388061523;0.6633386611938477;0.6633385853233041;0.6633386611938475;1;1;1
0.563715934753418;0.5637161858058997;0.5637159347534179;0.436284065246582;0.4362838141941002;0.4362840950489044;0;0;0
0.3712940812110901;0.3712941806294298;0.37129408121109;0.6287059187889099;0.6287058193705701;0.6287059187889099;1;1;1
0.3624508380889892;0.3624508525689427;0.3624508380889892;0.6375491619110107;0.6375491474310573;0.6375491619110107;1;1;1
0.3029583096504211;0.3029584924881683;0.3029583096504211;0.6970416903495789;0.6970415075118316;0.6970416903495787;1;1;1
0.1243768334388732;0.1243768295852132;0.1243768334388732;0.8756231665611267;0.8756231704147868;0.8756231665611267;1;1;1
0.0600760579109191;0.0600759645338247;0.0600760579109191;0.9399239420890808;0.9399240354661752;0.9399239420890808;1;1;1
0.0059328079223632;0.0059327831290625;0.0059328079223632;0.9940671920776368;0.9940672168709374;0.9940671920776368;1;1;1
0.5071110725402832;0.50711098048771;0.5071110725402832;0.4928889274597168;0.4928890195122899;0.4928889572620391;0;0;0
0.0539520382881164;0.053952150782249;0.0539520978927612;0.9460479617118835;0.9460478492177508;0.9460479021072388;1;1;1
0.13828045129776;0.1382804122295513;0.1338381171226501;0.86171954870224;0.8617195877704485;0.8661618828773499;1;1;1
0.1327469944953918;0.1327469967581648;0.1327469944953918;0.8672530055046082;0.8672530032418352;0.8672530055046082;1;1;1
0.2652194499969482;0.2652192892778579;0.2652194499969482;0.7347805500030518;0.734780710722142;0.7347805500030516;1;1;1
0.1144382953643798;0.1144381916617188;0.1144383549690246;0.8855617046356201;0.8855618083382811;0.8855616450309753;1;1;1
0.2282645106315612;0.2282644748030607;0.2282645106315612;0.7717354893684387;0.7717355251969392;0.7717354893684387;1;1;1
0.2322497367858886;0.2322498256556112;0.2322497367858886;0.7677502632141113;0.7677501743443887;0.7677502632141113;1;1;1
0.3946186900138855;0.3946186936637614;0.3946186900138854;0.6053813099861145;0.6053813063362385;0.6053813099861145;1;1;1
0.2389549612998962;0.2389549574952771;0.2389549612998962;0.7610450387001038;0.7610450425047227;0.7610450387001036;1;1;1
0.1356756687164306;0.1356758510448879;0.1356756687164306;0.8643243312835693;0.8643241489551119;0.8643243312835693;1;1;1
0.295898973941803;0.2958991180155612;0.2958989739418029;0.704101026058197;0.7041008819844387;0.704101026058197;1;1;1
0.3463820219039917;0.3463823179402388;0.3463820219039916;0.6536179780960083;0.6536176820597611;0.6536179780960083;1;1;1
0.5172240734100342;0.5172241482713298;0.517224133014679;0.4827758967876434;0.4827758517286701;0.482775866985321;0;0;0
0.0403093695640563;0.0403092602370921;0.0403093099594116;0.9596906304359436;0.9596907397629076;0.9596906900405884;1;1;1
0.6354434490203857;0.6354434462058328;0.6354434490203857;0.3645565509796142;0.3645565537941671;0.3645565211772918;0;0;0
0.2334380149841308;0.2334380595092606;0.2334380745887756;0.7665619850158691;0.7665619404907393;0.7665619254112243;1;1;1
